amount,payment_method,location,ip,is_fraud
8445,net_banking,US,171.174.170.81,0
5115.19,net_banking,CN,95.25.112.121,0
9678.16,wallet,DE,51.105.121.194,0
2188.34,debit_card,GB,195.110.164.126,0
952.83,wallet,DE,141.250.247.54,0
8103.12,debit_card,GB,12.130.104.103,1
742.06,wallet,AU,70.17.181.9,0
3541.14,wallet,DE,144.8.75.189,0
2048.76,upi,AU,196.150.125.12,0
5215.93,credit_card,CN,36.184.50.44,0
9160.36,credit_card,FR,218.144.249.195,0
7103.98,credit_card,DE,19.56.241.190,0
8676.69,debit_card,FR,52.60.145.21,0
8705.36,debit_card,DE,141.22.41.210,0
8034.43,debit_card,CN,195.232.117.64,0
916.7,wallet,DE,24.85.243.248,0
4895.42,wallet,DE,64.230.15.42,0
1252.48,wallet,CN,89.134.83.44,0
2036,upi,DE,128.18.185.81,0
4452.67,upi,CN,149.82.22.8,0
5758.63,wallet,IN,117.52.9.124,0
1871.36,upi,FR,132.7.239.51,0
695.51,debit_card,IN,97.198.12.177,0
8425.39,upi,FR,114.71.168.51,0
7054.31,wallet,DE,167.42.226.36,0
8495.61,upi,CN,84.123.198.72,0
5799.05,net_banking,AU,223.168.60.192,0
9962.6,wallet,US,82.161.58.192,0
1157.92,upi,FR,149.75.200.206,0
1907.84,credit_card,FR,163.64.80.149,0
7054.8,wallet,CN,203.6.77.31,0
4264.18,credit_card,US,28.81.28.52,0
8553.95,debit_card,US,47.126.175.2,0
6343.89,upi,DE,44.30.252.201,0
271.83,debit_card,DE,172.67.135.10,0
1201.36,credit_card,GB,144.164.194.204,0
1164.88,upi,US,18.223.215.84,0
9707.07,credit_card,AU,136.85.152.234,0
8008.46,credit_card,DE,209.60.141.60,0
1019.49,wallet,US,171.144.175.233,0
6471.02,wallet,AU,171.26.63.212,0
5038.85,credit_card,DE,11.196.157.118,0
9882.41,debit_card,GB,168.214.190.164,0
7317.33,upi,IN,156.214.6.160,0
2038.13,credit_card,CN,27.111.142.19,0
8455.02,wallet,DE,71.97.227.231,0
5969.93,net_banking,FR,26.186.137.38,0
4718.9,net_banking,DE,170.248.222.84,0
9175.52,wallet,AU,81.88.175.159,0
2513.07,upi,FR,78.28.6.133,1
7417.04,wallet,FR,42.233.44.96,1
2812.43,debit_card,CN,35.250.246.17,0
3525.49,wallet,FR,73.93.239.254,0
9469.32,upi,IN,169.231.0.49,0
3883.23,net_banking,CN,68.188.93.127,0
20.23,debit_card,FR,76.16.184.201,0
2397.96,net_banking,AU,135.169.23.53,0
6739.38,net_banking,US,55.176.95.111,0
7019.79,net_banking,CN,172.237.169.153,0
472.56,net_banking,US,65.98.126.29,0
1581.08,upi,AU,97.122.210.145,0
6041.75,credit_card,US,191.85.225.209,0
3124.02,net_banking,US,101.31.70.132,0
8750.79,net_banking,IN,204.46.168.161,0
9630.56,credit_card,CN,4.207.223.88,0
9868.28,net_banking,FR,172.143.94.106,0
38.91,credit_card,FR,116.209.37.231,0
9802.55,upi,DE,43.138.84.25,1
1193.44,debit_card,CN,93.229.122.97,0
6886.96,debit_card,US,70.117.126.92,0
9228.08,credit_card,US,153.10.171.82,0
4532.52,credit_card,CN,103.111.41.30,0
6537.4,wallet,US,223.12.2.192,0
2787.71,credit_card,US,170.173.125.164,1
6811.56,upi,GB,141.4.191.4,0
9384.7,credit_card,CN,194.59.113.180,0
7014.74,net_banking,FR,162.136.5.197,0
4589.35,net_banking,GB,171.94.135.45,0
1786.99,net_banking,DE,9.224.26.147,0
1388.88,wallet,GB,156.78.223.129,0
3675.18,credit_card,GB,128.216.84.147,0
361.48,wallet,IN,29.29.241.235,0
5836.59,wallet,AU,217.247.93.152,0
1300.76,credit_card,AU,152.223.131.183,0
9337.87,wallet,IN,174.1.232.252,0
7287.96,wallet,AU,104.50.240.108,0
2995.76,credit_card,US,18.135.197.192,0
4814.32,wallet,CN,34.236.176.252,0
8124.22,credit_card,AU,5.20.37.189,0
4979.86,credit_card,GB,119.181.144.81,0
6872.67,debit_card,IN,50.108.151.123,0
3758.84,credit_card,US,136.120.84.37,0
1984.41,debit_card,US,188.106.163.30,0
985.27,upi,DE,178.149.72.163,0
9201.93,upi,FR,76.78.204.173,0
4233.27,wallet,IN,138.62.191.65,0
2612.86,debit_card,AU,119.43.143.243,0
1154.55,credit_card,DE,58.133.162.107,0
6770.83,credit_card,AU,90.196.57.78,0
2076.28,credit_card,CN,177.127.56.29,0
1467.81,debit_card,AU,105.5.173.166,0
5466.18,debit_card,US,121.66.241.45,0
9829.98,debit_card,DE,31.151.174.4,0
6800.9,upi,AU,208.0.145.9,0
8878.38,net_banking,AU,223.211.159.9,0
8747.62,upi,DE,61.225.143.249,0
102,wallet,CN,90.145.156.134,0
5253.45,wallet,DE,96.170.240.197,0
8424.12,upi,GB,173.11.78.252,0
8071.52,credit_card,CN,197.155.117.222,1
8689.61,credit_card,US,201.171.129.53,0
411.12,credit_card,CN,45.170.99.93,0
3309.29,debit_card,CN,64.38.160.86,0
6562.56,wallet,DE,192.102.66.25,0
5300.43,credit_card,DE,97.150.143.192,1
7942.48,upi,CN,216.245.158.94,0
768.2,net_banking,CN,139.169.130.230,0
5356.49,upi,AU,89.99.120.95,0
4824.72,net_banking,DE,129.101.234.173,0
8513.91,credit_card,FR,125.207.217.131,0
7408.75,wallet,DE,161.218.59.126,0
3330.19,net_banking,CN,212.68.251.45,0
8251.08,net_banking,AU,150.54.29.221,0
627.28,debit_card,IN,73.226.88.226,0
8300.26,credit_card,US,124.19.5.38,0
1413.34,upi,FR,77.42.198.63,1
6988.47,wallet,AU,148.36.66.247,1
4665.46,net_banking,US,200.43.3.60,0
7782.59,credit_card,US,171.250.90.115,0
1331.36,wallet,US,190.173.96.226,0
6491.68,debit_card,AU,151.214.53.109,0
7775.72,credit_card,US,213.180.137.180,0
4674.55,wallet,FR,101.149.2.154,0
6826.88,upi,GB,73.170.93.25,0
1275.46,net_banking,CN,125.89.156.128,0
7459.11,credit_card,DE,161.127.211.115,0
9958.43,credit_card,CN,34.72.87.211,0
3718.96,debit_card,AU,74.124.176.241,0
6321.97,credit_card,US,108.161.235.27,0
9011.21,upi,FR,40.76.9.131,0
8759.39,debit_card,US,62.152.156.139,0
8847.44,upi,FR,177.139.80.237,0
5073.53,credit_card,IN,36.137.4.121,0
5662.3,credit_card,US,53.6.123.191,0
996.61,debit_card,FR,38.244.37.18,0
7914.47,net_banking,FR,94.203.134.224,0
4968.76,wallet,FR,26.255.49.163,0
3528.27,credit_card,GB,71.108.173.20,0
3457.72,debit_card,US,155.76.90.210,0
2308.78,wallet,US,85.113.251.103,0
1437.19,credit_card,IN,180.251.51.68,0
7322.35,credit_card,FR,220.4.174.51,1
3694.46,credit_card,DE,161.100.8.22,0
1423.16,net_banking,US,69.107.57.232,0
7076.27,wallet,IN,97.196.186.111,1
2085.16,wallet,AU,64.128.161.135,0
2966.98,upi,FR,82.140.108.144,0
5932.23,credit_card,US,31.162.195.229,0
3081.09,net_banking,IN,163.121.222.218,0
8044.88,wallet,DE,55.146.190.24,0
7549.81,wallet,GB,116.44.182.209,0
467.33,debit_card,DE,138.169.67.211,1
783.82,credit_card,IN,27.120.255.189,0
5510.02,debit_card,DE,65.196.130.68,0
6371.48,credit_card,IN,222.115.154.145,0
3695.71,upi,US,182.116.58.56,0
89.23,wallet,AU,89.120.18.100,0
2936.65,net_banking,US,120.86.57.69,0
7966.19,wallet,US,198.183.68.218,0
6883.56,net_banking,AU,134.178.64.187,0
4219.93,debit_card,IN,99.6.53.159,0
3407.18,upi,IN,41.175.118.93,0
6317.01,credit_card,AU,95.57.198.210,0
2950.81,net_banking,DE,110.126.152.54,0
2191.25,credit_card,CN,155.22.88.133,0
3015.08,upi,IN,223.218.93.133,0
7514.77,credit_card,FR,148.163.48.144,0
9609.38,upi,CN,175.253.58.108,0
6322.5,credit_card,US,140.237.108.243,0
6686.54,credit_card,GB,5.192.12.28,0
8906.17,net_banking,AU,84.94.92.212,0
2529.82,wallet,CN,160.145.71.42,0
9088.2,upi,US,12.28.48.53,1
7923.4,wallet,DE,137.250.90.120,0
5304.2,debit_card,CN,171.45.114.144,0
4151.23,wallet,GB,191.13.198.29,0
5741.95,debit_card,DE,69.106.203.8,0
9556.77,upi,AU,8.161.114.127,0
9040.94,wallet,GB,72.90.4.32,0
5684.49,debit_card,IN,64.250.110.128,0
1209.58,net_banking,DE,190.90.215.132,0
5598.33,wallet,GB,42.72.190.246,0
7424.74,debit_card,AU,167.95.43.194,0
5018.16,net_banking,FR,195.135.103.248,0
4442.6,debit_card,FR,209.19.102.20,0
8873.92,debit_card,US,132.227.13.24,0
3912.71,credit_card,CN,182.152.105.41,0
669.24,credit_card,FR,58.189.230.180,0
9246.57,net_banking,US,175.219.146.200,0
1165.94,credit_card,GB,171.141.229.0,0
6998.36,debit_card,IN,142.242.212.44,0
2882.8,credit_card,AU,169.5.62.75,0
3305.31,debit_card,GB,128.3.241.143,0
8972.52,net_banking,IN,185.173.154.240,0
7089.73,upi,GB,12.18.68.5,0
9104.37,net_banking,GB,63.149.171.15,0
3891.81,net_banking,AU,217.176.147.216,0
7956.86,net_banking,IN,188.75.9.86,0
502.68,net_banking,US,160.255.3.11,0
851.15,debit_card,GB,106.9.129.141,1
6382.55,debit_card,IN,117.88.42.59,0
6127,upi,CN,66.76.189.109,0
8775.19,wallet,AU,20.130.74.243,0
6320.63,upi,FR,18.156.160.201,0
9547.4,net_banking,DE,137.176.27.153,0
2551.25,net_banking,IN,165.164.244.20,0
427.14,credit_card,IN,61.215.131.176,0
2901.65,credit_card,IN,35.2.150.89,1
4280.31,debit_card,DE,73.176.2.97,0
9214.31,net_banking,IN,72.126.48.85,0
1027.88,credit_card,CN,134.189.30.31,0
5361.33,wallet,GB,150.47.206.231,1
448.3,wallet,US,99.236.44.185,0
5247.52,debit_card,CN,67.217.172.203,0
6728.32,wallet,GB,157.230.106.56,0
3849.79,net_banking,GB,149.159.150.24,0
2403.42,wallet,DE,146.247.254.159,1
4612.01,net_banking,US,162.8.163.147,0
4124.14,net_banking,AU,202.198.121.126,0
860.73,debit_card,US,161.241.224.238,0
1542.19,debit_card,AU,11.6.170.135,0
8181,upi,CN,89.22.245.221,0
3947.74,debit_card,IN,22.24.100.100,0
1285.21,wallet,GB,18.105.46.143,0
4351.26,upi,GB,202.20.120.88,0
7891.43,wallet,CN,16.218.93.175,0
6048.68,upi,FR,205.186.83.102,0
2321.72,credit_card,DE,118.184.198.111,0
993.51,net_banking,IN,9.208.171.153,0
8798.49,credit_card,FR,110.192.190.85,0
4285.55,credit_card,US,211.90.59.85,0
2728.49,upi,GB,38.89.121.13,0
7166.91,upi,FR,41.254.121.202,0
7400,debit_card,US,176.251.128.86,0
6748.08,debit_card,GB,166.229.186.194,0
2871.88,debit_card,IN,129.237.184.35,0
5533.46,wallet,GB,26.98.75.255,0
257.74,debit_card,AU,178.131.99.67,0
1771.77,credit_card,IN,39.196.168.58,0
7815.53,net_banking,DE,33.225.82.53,0
9693.22,debit_card,FR,43.98.214.208,0
2340.73,net_banking,GB,78.192.103.242,0
1329.74,net_banking,US,161.32.215.18,0
265.01,upi,GB,137.43.174.158,0
3090.45,debit_card,DE,101.104.218.86,0
6610.19,net_banking,CN,135.226.80.109,0
4811.75,wallet,FR,185.98.104.254,0
2595.29,upi,AU,33.147.221.163,0
8217.85,wallet,AU,205.220.231.84,0
2090.59,wallet,FR,213.251.214.6,0
2499.84,net_banking,FR,31.65.19.149,0
6580.02,wallet,GB,48.134.168.87,0
3052.5,wallet,DE,77.81.215.23,0
7324.48,debit_card,GB,62.75.179.93,1
6280.16,credit_card,IN,203.203.221.95,1
2261.63,wallet,US,206.157.169.220,0
3452.56,net_banking,IN,96.165.127.50,0
2169.16,net_banking,IN,83.178.97.127,0
1773.47,wallet,FR,106.89.207.248,0
7474.35,net_banking,US,205.200.84.128,0
2641.09,upi,CN,47.138.171.79,0
6868.03,net_banking,CN,114.241.111.181,1
9215.47,net_banking,AU,58.221.195.124,0
5008.04,upi,CN,136.118.132.203,0
8401.32,debit_card,US,153.52.9.214,0
8402.16,debit_card,IN,68.175.125.215,0
9565.86,debit_card,FR,83.41.38.171,0
6838.17,debit_card,FR,5.35.101.132,1
9276.86,upi,US,147.18.228.127,0
4577.83,debit_card,DE,133.105.92.75,0
2528.47,net_banking,US,117.232.121.5,0
8895.34,net_banking,US,131.179.238.86,0
6718.1,net_banking,IN,32.138.19.246,0
1627.04,net_banking,GB,52.133.223.173,0
4925.67,net_banking,US,27.228.30.128,0
9005.91,upi,AU,62.35.5.135,0
7730.26,upi,DE,75.222.140.19,0
6870,net_banking,AU,164.110.120.90,0
4040.77,net_banking,US,73.217.38.152,1
7400.89,credit_card,GB,167.35.125.66,0
5822.13,wallet,FR,205.123.168.222,0
7627.16,upi,GB,189.208.159.29,0
8344.8,wallet,IN,111.65.81.172,0
9817.33,debit_card,DE,41.31.211.101,0
5330.14,wallet,IN,37.137.52.198,0
8995.04,wallet,CN,22.132.55.213,0
95.88,credit_card,DE,60.189.221.44,0
3449.09,wallet,FR,128.127.105.166,0
4951.12,net_banking,DE,113.212.209.24,0
1704.5,debit_card,DE,185.163.24.32,1
1262.85,credit_card,FR,5.63.240.218,0
9467.16,wallet,FR,62.43.253.99,0
707.11,net_banking,GB,95.217.251.134,0
1742.47,debit_card,US,183.111.131.243,0
1578.23,credit_card,DE,7.62.16.154,0
5436.51,net_banking,CN,126.11.17.178,0
3117.42,credit_card,AU,66.152.82.248,0
8198.41,wallet,GB,89.127.218.183,0
5547.83,wallet,IN,14.86.250.126,0
4319.81,debit_card,CN,24.21.93.143,1
5115.86,upi,AU,44.139.197.38,0
9495.45,upi,AU,130.68.212.33,0
7985.78,debit_card,US,80.204.149.103,0
9815.6,debit_card,FR,53.192.195.183,0
3547.96,net_banking,US,79.240.99.0,0
2495.7,debit_card,GB,213.59.215.48,0
7581.96,net_banking,US,82.138.80.25,0
2371.15,net_banking,CN,126.68.210.196,0
8069.21,credit_card,IN,141.117.51.77,0
9235.98,net_banking,FR,14.146.167.188,0
2722.17,net_banking,CN,202.206.140.33,0
6098.84,credit_card,GB,184.234.105.42,1
114.64,wallet,IN,55.203.164.89,0
3869.32,net_banking,FR,136.209.236.147,0
388.98,net_banking,GB,105.237.164.32,0
1272.5,wallet,GB,61.242.198.137,0
3983.94,upi,IN,83.34.46.118,1
5661.36,wallet,GB,62.64.39.24,1
1911.78,credit_card,FR,182.249.240.4,0
435.99,credit_card,GB,26.47.6.6,0
1257.08,wallet,AU,17.237.86.235,0
5958.65,net_banking,CN,20.145.233.68,0
603.18,debit_card,IN,177.173.79.22,0
7054.6,credit_card,FR,214.231.32.237,0
439.49,upi,FR,94.45.135.107,0
6314.06,debit_card,GB,32.165.164.201,0
8130.93,credit_card,DE,170.68.13.66,0
2659.51,wallet,GB,133.53.54.181,0
2542.55,wallet,DE,153.73.146.88,0
9985.44,debit_card,CN,66.162.168.121,0
5529.5,credit_card,FR,64.61.72.61,0
6417.29,credit_card,CN,198.9.92.96,0
9467.7,debit_card,FR,183.65.5.36,0
6110.87,net_banking,DE,82.109.89.62,0
3339.99,debit_card,AU,99.120.222.232,0
576.36,credit_card,CN,26.144.246.184,0
29.59,credit_card,US,53.42.29.138,0
3526.44,net_banking,GB,59.219.119.222,0
5126.43,credit_card,IN,106.92.41.182,0
232.14,debit_card,US,10.17.76.45,0
6076.74,credit_card,AU,101.95.167.115,0
6989.93,net_banking,US,28.113.170.67,0
7945.52,debit_card,GB,63.124.63.154,0
9268.95,net_banking,US,46.23.23.247,0
6043.4,upi,CN,167.7.66.29,0
3100.88,net_banking,AU,204.101.250.2,0
4540.02,wallet,IN,209.16.159.162,0
645.61,credit_card,US,113.90.193.92,1
218.26,net_banking,DE,219.162.177.200,0
8970.51,wallet,AU,75.24.142.176,0
7461.39,net_banking,AU,116.194.171.218,1
521.98,net_banking,CN,146.52.0.175,0
9255.07,credit_card,FR,187.76.91.184,0
8366.82,credit_card,GB,35.115.192.214,0
989.37,credit_card,IN,155.143.6.50,0
6257.19,wallet,US,159.95.120.125,1
3380.22,upi,FR,123.206.34.225,0
1750.27,debit_card,FR,116.65.3.10,0
9431.82,upi,GB,67.93.8.149,0
4831.75,net_banking,US,104.15.222.194,0
6358.54,wallet,IN,32.116.209.164,0
3524.06,debit_card,AU,91.96.42.194,0
8765.74,debit_card,AU,153.96.126.77,0
139.61,upi,US,2.226.70.187,0
7186.08,debit_card,IN,26.221.54.241,1
8241.73,upi,US,133.122.206.143,1
7772.31,credit_card,DE,165.42.183.147,0
7784.36,net_banking,CN,6.153.228.209,1
4365.46,wallet,FR,120.90.213.127,0
1382.62,upi,IN,96.164.19.212,0
735.12,net_banking,DE,101.177.5.199,0
9660.68,net_banking,AU,97.156.235.199,0
3820.68,net_banking,IN,116.210.54.85,0
3973.61,upi,US,56.158.118.81,0
9979.69,upi,GB,122.192.99.207,0
6042.31,net_banking,IN,215.173.196.204,0
6111.61,net_banking,FR,68.161.46.117,0
8777.01,credit_card,IN,95.179.1.3,0
272.82,net_banking,FR,177.132.220.187,0
3934.12,credit_card,FR,221.48.22.172,0
4622.57,debit_card,GB,192.157.121.5,0
1594.3,wallet,CN,18.189.93.58,0
9334.81,wallet,IN,70.81.153.116,0
7662.48,upi,CN,173.58.249.58,1
8772,wallet,IN,45.169.111.129,0
3250.09,net_banking,FR,18.119.245.63,1
5516.59,credit_card,FR,166.79.192.219,0
3754.75,debit_card,GB,75.139.127.247,0
1107.44,wallet,IN,115.133.83.172,1
5769.08,net_banking,US,81.219.18.30,0
7071.82,credit_card,CN,206.142.136.222,0
7263.47,debit_card,IN,199.54.238.27,0
1648.89,credit_card,DE,3.36.91.161,0
4932.96,upi,FR,140.224.55.63,0
7933.29,credit_card,CN,156.70.46.220,0
8546.83,net_banking,CN,15.100.171.81,0
8992.68,wallet,FR,6.22.128.221,0
3321.24,debit_card,AU,124.16.244.177,0
7439.07,wallet,IN,70.84.99.225,0
9926.23,wallet,AU,110.162.114.65,0
5117.91,net_banking,AU,116.141.139.158,0
6835.95,debit_card,IN,208.52.192.19,1
5956.73,upi,US,189.180.98.124,0
6475.32,debit_card,DE,211.229.188.78,0
9817.3,credit_card,GB,49.112.100.42,0
6144.98,net_banking,US,86.248.75.66,0
109.81,wallet,CN,116.131.193.164,0
3186.94,net_banking,GB,115.215.152.240,0
2542.57,net_banking,CN,83.174.97.218,0
9227.7,upi,DE,142.243.90.187,0
783.94,upi,IN,62.188.189.0,1
6433.9,debit_card,DE,42.247.237.201,0
6608.18,net_banking,FR,64.253.238.129,0
2644.96,upi,IN,6.159.130.4,0
1717.49,net_banking,DE,33.158.74.209,1
3753.61,credit_card,FR,166.84.76.151,0
3348.61,upi,CN,106.212.7.107,0
4802.03,credit_card,GB,9.57.42.37,0
4905.35,net_banking,AU,77.55.93.137,0
2301.56,wallet,IN,191.229.69.204,0
6090.54,debit_card,AU,141.169.75.126,1
689.58,net_banking,DE,114.29.50.226,0
5563.62,wallet,AU,166.39.89.70,0
1113.18,debit_card,GB,40.123.140.11,0
1390.64,credit_card,CN,134.233.179.24,0
5867.02,debit_card,US,129.170.56.139,1
4046.51,upi,AU,13.188.226.40,0
1074.91,net_banking,DE,25.224.221.67,0
7801.34,credit_card,FR,78.21.175.140,1
2270.37,wallet,GB,2.166.243.59,0
4958.83,upi,GB,159.169.37.189,1
3051.13,net_banking,IN,167.177.212.4,0
9635.9,debit_card,IN,4.161.83.100,0
1997.12,net_banking,FR,123.54.255.88,0
3594.88,net_banking,DE,148.64.60.97,0
7786.67,net_banking,GB,166.37.61.254,0
4712.33,wallet,FR,205.171.87.185,0
4322.06,wallet,AU,79.249.151.228,0
7145.12,wallet,CN,60.60.138.94,0
9036.47,credit_card,AU,142.117.109.84,0
9329.15,debit_card,GB,121.76.116.211,0
1104.2,net_banking,AU,54.206.145.101,0
4620.45,upi,CN,131.185.69.19,0
6757.91,upi,GB,180.214.195.96,0
3148.67,credit_card,US,63.110.76.115,0
3945.71,debit_card,CN,129.146.119.189,0
9841.78,upi,CN,112.50.245.148,1
939.31,debit_card,FR,117.58.8.26,0
1135.52,wallet,US,67.254.116.198,0
441.72,net_banking,DE,59.12.190.191,1
1169.33,upi,DE,77.219.136.169,0
1997.66,net_banking,IN,20.139.182.217,0
5204.61,upi,CN,43.82.233.105,0
5371.63,debit_card,IN,154.39.1.86,0
3822.38,credit_card,AU,58.49.183.87,0
9760.78,credit_card,DE,222.206.7.6,0
290.38,wallet,FR,179.236.77.82,0
3376.57,net_banking,FR,56.250.168.31,0
5172.72,wallet,US,106.54.45.188,0
2732.35,debit_card,DE,137.123.149.42,0
1363.36,debit_card,DE,79.49.61.220,0
3198.77,net_banking,DE,170.180.129.32,0
5598.18,net_banking,US,112.90.2.199,0
4479.67,debit_card,AU,202.86.114.184,0
1293.17,wallet,AU,181.98.213.160,1
5056.87,debit_card,AU,189.171.111.170,0
4808.11,net_banking,US,211.81.43.140,0
8880.83,upi,AU,157.71.223.149,0
7753.73,debit_card,AU,130.144.40.222,0
4774.93,debit_card,IN,123.3.27.173,0
3602.97,net_banking,DE,66.83.0.140,0
1492.34,upi,FR,27.119.186.62,1
3002.53,upi,FR,41.166.219.14,0
9462.24,debit_card,GB,27.98.202.149,1
8701.01,debit_card,CN,110.121.178.158,0
3906.04,debit_card,AU,63.130.15.6,0
1679.27,credit_card,CN,204.30.71.8,0
7722.77,wallet,CN,50.114.82.169,0
5211.52,wallet,IN,4.71.136.128,0
5430.06,upi,DE,184.101.246.97,0
6337.25,upi,AU,204.78.112.173,0
5709.51,debit_card,DE,19.215.42.231,0
2433.47,upi,CN,63.190.139.235,0
7312.35,credit_card,US,81.121.165.108,1
2432.28,upi,IN,177.24.196.213,0
1095,upi,AU,122.81.118.234,0
6342.49,wallet,FR,199.106.8.190,0
6856.04,debit_card,GB,186.227.147.175,0
3568.56,net_banking,AU,48.10.98.63,0
6634.01,net_banking,US,101.168.172.182,0
7542.77,debit_card,AU,163.225.225.101,0
7079,debit_card,GB,150.157.96.240,0
217.67,debit_card,US,106.114.234.163,0
5856.81,net_banking,DE,32.148.247.35,0
46.39,debit_card,DE,131.71.194.159,0
4899.64,net_banking,DE,1.176.108.241,0
787.44,net_banking,CN,50.199.118.127,1
4196.34,wallet,GB,57.213.137.147,1
237.23,debit_card,DE,138.225.220.119,0
283.75,upi,GB,73.2.48.240,0
2587.64,upi,AU,156.71.232.66,0
8385.02,debit_card,AU,64.152.169.106,0
5070.6,wallet,IN,201.235.241.67,0
2642.5,credit_card,US,216.62.64.11,0
6271.32,upi,AU,182.1.68.48,1
9930.53,net_banking,AU,91.32.214.93,0
7292.98,credit_card,US,126.89.0.181,0
6645.82,debit_card,CN,9.3.57.49,0
316.07,net_banking,IN,138.18.222.243,1
2723.58,net_banking,US,152.158.231.121,0
3740.54,debit_card,FR,184.129.24.9,0
5421.5,wallet,DE,32.223.101.212,0
1618.43,net_banking,CN,24.249.94.239,1
8630.44,wallet,IN,201.69.143.120,0
9951.54,upi,DE,196.194.140.73,0
7907.61,credit_card,GB,155.160.233.236,0
5209.41,upi,IN,160.24.71.128,0
5204.66,debit_card,GB,180.248.124.240,1
8364.2,debit_card,IN,166.37.116.197,0
9618.9,net_banking,IN,34.83.223.86,0
7454.22,wallet,IN,3.165.132.2,0
9728.47,wallet,DE,142.156.128.95,0
2164.6,wallet,IN,219.151.83.124,0
6646.22,credit_card,US,10.137.72.180,0
3284.17,wallet,US,150.175.176.68,1
146.13,credit_card,IN,159.206.173.247,0
9790.57,upi,DE,79.242.205.62,0
4493.65,net_banking,DE,143.126.59.187,0
4094.71,credit_card,DE,125.174.15.192,0
9967.09,debit_card,GB,92.174.249.236,0
4372.38,wallet,US,119.49.200.119,1
87.17,wallet,US,211.54.167.111,0
6613.79,wallet,DE,202.84.55.130,0
2877.91,debit_card,CN,18.22.92.220,0
5168.47,wallet,DE,207.40.110.160,1
3889.2,wallet,DE,206.5.128.5,0
9508.28,upi,AU,27.101.176.57,0
7084.12,net_banking,GB,133.204.222.159,0
517.59,net_banking,AU,63.133.106.139,1
815.61,credit_card,CN,80.9.36.168,0
1291.16,net_banking,US,103.151.114.177,0
3624.93,net_banking,US,56.233.170.186,0
5000.83,wallet,AU,130.117.109.147,0
6975.35,credit_card,IN,150.177.125.60,0
8541.79,wallet,IN,173.3.182.201,0
2216.98,wallet,CN,1.142.131.220,0
5519.02,wallet,DE,33.142.38.244,1
2330.17,net_banking,FR,40.169.105.8,0
2437.27,upi,IN,86.60.91.36,0
5816.3,debit_card,FR,36.112.156.182,0
9876.31,wallet,CN,96.226.240.180,0
7951.15,credit_card,FR,158.38.138.10,0
9048.76,debit_card,US,65.159.251.57,0
3813.26,net_banking,IN,40.4.111.34,0
5263.69,credit_card,IN,197.25.175.65,0
5330.43,credit_card,US,41.24.176.157,0
9838.4,net_banking,AU,153.222.119.131,0
9846.93,wallet,FR,209.234.70.195,0
7263.33,debit_card,DE,106.36.175.53,0
2102.92,credit_card,CN,209.126.173.219,0
5115.2,credit_card,FR,177.100.29.193,0
4508.85,debit_card,DE,175.25.30.43,0
5099.31,credit_card,DE,201.96.248.154,0
6670.15,wallet,CN,161.83.37.28,0
5019.99,wallet,IN,75.41.200.241,1
8070.1,debit_card,DE,163.57.197.167,0
4737.9,net_banking,IN,165.63.60.21,0
2962.52,wallet,GB,144.63.154.38,0
6032.89,net_banking,DE,190.155.121.136,0
8953.79,wallet,FR,198.83.221.138,0
5649.27,debit_card,IN,190.92.198.45,0
2655.25,debit_card,DE,4.79.14.29,0
5975.65,upi,CN,139.83.105.59,0
8362.77,net_banking,GB,130.41.181.109,0
3020,upi,US,218.29.84.58,0
1947.27,wallet,AU,161.37.115.99,0
187.69,upi,US,99.167.2.93,0
9790.08,credit_card,CN,157.90.219.3,0
9395.77,debit_card,DE,13.86.178.15,0
9657.8,wallet,DE,212.80.232.3,0
95.06,credit_card,US,17.212.74.188,0
9284.86,wallet,CN,6.191.63.123,0
8232.98,wallet,CN,69.30.130.43,0
5822.84,credit_card,FR,86.140.105.169,1
1726.05,upi,DE,149.125.222.74,0
7385,net_banking,IN,174.229.125.8,0
7957.27,net_banking,FR,196.121.178.246,0
5916.16,net_banking,DE,65.116.85.173,0
9105.93,debit_card,US,97.0.52.96,1
8974.64,credit_card,FR,76.95.186.199,0
9308.67,upi,US,67.248.115.183,0
3320.77,upi,IN,152.237.208.64,0
3394.57,debit_card,GB,213.97.147.251,0
6571.94,wallet,AU,36.244.122.146,0
6091.65,wallet,GB,60.52.137.198,0
783.61,debit_card,US,48.95.125.62,0
5591.47,net_banking,DE,157.8.103.79,0
6711.07,upi,AU,33.246.205.56,0
6864.23,credit_card,DE,24.115.233.112,0
8388.06,net_banking,GB,99.25.236.226,0
1004.58,net_banking,GB,70.41.221.101,0
1110.84,wallet,DE,86.115.64.74,0
8019.15,credit_card,US,89.215.66.21,0
9737.24,debit_card,US,128.223.149.201,0
7839.28,net_banking,US,63.190.250.29,0
8198.89,credit_card,FR,17.167.184.213,0
5794.16,debit_card,US,7.55.40.187,0
9149.96,credit_card,US,164.50.37.94,0
3996.94,upi,FR,70.32.62.146,0
4069.92,upi,US,172.164.7.129,0
4459.65,upi,IN,38.77.151.216,0
9019.76,debit_card,DE,17.14.227.252,0
8308.68,upi,AU,108.151.226.138,0
2530.89,net_banking,FR,203.128.47.156,1
6365.41,credit_card,DE,42.10.0.220,0
706.29,credit_card,FR,205.44.209.89,0
7728.06,upi,IN,106.139.41.155,0
1149.6,wallet,US,143.134.116.46,0
3236.58,debit_card,GB,206.160.76.71,0
630.43,wallet,IN,207.221.3.122,0
3321.46,net_banking,AU,202.203.212.83,0
848.15,wallet,AU,79.96.235.95,0
4036.03,net_banking,DE,149.7.70.160,0
744.91,debit_card,IN,107.207.157.31,0
8288.5,upi,GB,42.120.197.171,0
709.32,debit_card,US,222.208.17.35,0
5654.24,credit_card,DE,40.212.245.21,0
3030.57,net_banking,AU,32.220.167.140,0
3195.19,upi,AU,104.23.22.241,0
2326.8,upi,US,139.1.110.28,0
7817.61,wallet,GB,198.24.79.233,0
73.92,upi,US,84.177.84.237,0
3683.06,upi,IN,8.156.100.193,0
5189.23,credit_card,US,71.41.104.189,0
402.29,wallet,IN,137.115.212.113,0
4863.02,net_banking,US,188.39.238.49,0
7697.13,net_banking,FR,166.179.37.212,0
3445.88,debit_card,US,26.167.78.231,0
4804.97,debit_card,CN,136.210.56.109,0
2881.4,upi,AU,45.221.205.220,0
277.81,net_banking,DE,9.43.52.162,0
9761.71,debit_card,DE,86.112.29.8,0
5786.02,net_banking,DE,195.185.229.234,0
8651.36,debit_card,DE,215.220.83.205,0
2376.1,net_banking,GB,23.51.121.111,0
2552.9,debit_card,DE,215.174.135.61,0
9278.07,wallet,AU,153.105.107.7,0
3380.6,debit_card,GB,210.53.100.147,0
8441.56,wallet,DE,174.52.254.19,0
7048.01,upi,US,219.229.194.9,0
4471.69,debit_card,FR,7.203.225.61,0
3582.59,debit_card,FR,216.215.77.10,0
5410.48,debit_card,GB,84.148.155.81,0
5119.9,wallet,CN,220.129.59.230,0
7310.04,credit_card,IN,194.109.56.80,0
6041.16,debit_card,CN,8.199.140.47,0
813.95,upi,GB,89.29.144.40,0
4200.68,wallet,CN,90.242.122.92,0
9353.18,net_banking,US,188.148.87.137,0
1154.77,credit_card,GB,19.90.172.216,0
7630.27,upi,FR,190.200.154.48,0
3092.25,net_banking,CN,109.114.171.181,0
3752.88,credit_card,FR,21.22.154.183,1
9736.79,credit_card,DE,146.40.76.234,0
8545.86,upi,DE,179.153.186.104,0
7330.61,upi,US,206.195.107.250,0
2353.09,credit_card,CN,86.227.68.110,1
9331.45,wallet,US,177.185.151.125,0
8703.75,debit_card,CN,98.15.161.139,0
9423.23,upi,DE,109.49.218.106,0
8812.54,wallet,GB,34.167.82.103,0
1841.12,debit_card,IN,59.152.255.233,0
2286.98,net_banking,CN,90.70.102.162,0
7345.55,wallet,IN,121.170.87.141,1
8982.64,net_banking,IN,40.117.62.223,0
5889.94,wallet,DE,86.216.126.74,0
6782.64,wallet,US,110.227.165.45,0
6995.64,wallet,CN,157.170.76.243,0
2209.64,debit_card,CN,68.251.21.198,0
5776.94,credit_card,AU,180.108.245.179,0
4852.24,credit_card,DE,107.81.197.170,0
2203.78,debit_card,AU,104.121.190.78,0
8812.76,debit_card,FR,15.227.128.26,0
2757.04,debit_card,US,50.111.61.42,0
2725.21,upi,DE,186.185.186.229,0
2182.64,upi,AU,154.42.228.160,1
3758.79,upi,FR,184.96.104.88,1
8526,net_banking,IN,218.245.139.62,0
8962.05,upi,IN,149.60.11.113,0
1780.53,credit_card,GB,10.80.51.163,0
3273.88,upi,US,217.196.139.158,0
8626.57,net_banking,DE,118.14.155.215,0
7099.9,upi,DE,62.41.87.90,0
352.67,upi,AU,14.143.198.66,0
5756.68,net_banking,IN,198.153.3.180,0
3917.3,credit_card,US,137.219.95.134,0
1220.43,net_banking,FR,105.181.130.134,0
327.65,debit_card,IN,141.29.105.73,1
3782.93,credit_card,CN,135.29.167.135,0
5258.73,debit_card,AU,121.89.94.126,1
9247.48,credit_card,DE,34.78.43.93,0
1957.11,upi,DE,87.45.188.124,0
4319.21,net_banking,CN,167.176.247.140,0
2624.63,net_banking,FR,60.247.221.194,0
7887.85,wallet,GB,48.63.160.123,0
7885.1,credit_card,IN,142.163.71.0,0
5181.88,debit_card,CN,210.126.109.202,1
2369.83,net_banking,US,181.96.68.111,0
8360.11,wallet,AU,74.173.25.122,0
7207.88,wallet,FR,221.21.184.81,1
1249.24,net_banking,GB,141.81.60.98,0
6542.44,debit_card,CN,28.245.230.219,0
9214.75,debit_card,CN,121.18.250.162,1
2832.71,upi,CN,213.123.147.130,0
7393.39,debit_card,US,209.183.134.67,0
3205.34,credit_card,GB,210.199.6.75,0
8409.23,debit_card,GB,153.238.154.198,0
4241.33,net_banking,AU,61.39.81.128,1
4411.56,wallet,FR,70.131.252.134,0
5269.51,upi,AU,123.236.23.230,0
5856.13,upi,AU,7.39.25.22,0
2119.93,debit_card,IN,21.202.231.12,0
8490.04,net_banking,IN,117.212.67.130,0
2992.29,net_banking,DE,106.76.88.44,1
3669.88,credit_card,US,18.49.21.244,0
5206.65,credit_card,CN,29.30.147.106,0
8041.38,credit_card,AU,3.15.230.50,0
7372.57,wallet,FR,19.140.69.240,0
3766.82,debit_card,FR,55.1.112.124,0
8225.59,upi,IN,162.55.215.185,0
6503.6,debit_card,US,131.161.28.169,0
7071.16,debit_card,CN,173.24.47.54,0
1547.69,upi,DE,140.180.69.191,0
1060.53,credit_card,GB,89.224.236.48,0
5774.07,wallet,DE,3.246.29.21,0
419.83,credit_card,IN,179.108.232.163,0
4517.84,wallet,GB,206.199.59.5,0
4080.9,credit_card,GB,218.250.58.111,0
2126.92,credit_card,DE,208.42.37.27,0
2482.33,upi,IN,119.246.191.81,0
9740.96,credit_card,CN,171.62.248.170,0
5784.52,upi,IN,124.9.47.249,0
7158.71,upi,AU,26.232.107.179,0
2985.9,net_banking,FR,83.129.71.186,0
2372.82,wallet,CN,142.122.254.140,0
3682.39,net_banking,US,188.50.123.106,0
6435.01,credit_card,FR,212.167.190.230,0
2857,upi,CN,115.48.97.97,0
6114.83,upi,FR,191.101.84.206,0
1607.43,credit_card,GB,150.252.155.178,0
3852.01,wallet,IN,126.66.60.171,0
4710.96,upi,AU,172.244.167.90,0
4976.6,debit_card,FR,62.36.89.196,1
3392.19,credit_card,FR,117.251.166.220,1
3104.82,upi,FR,150.245.199.113,0
3307.58,debit_card,FR,27.126.174.79,0
3578.11,net_banking,AU,195.33.230.101,0
8379.2,net_banking,CN,223.89.237.121,0
3649.48,credit_card,US,211.220.46.71,0
4531.04,credit_card,US,27.2.44.228,0
5251.37,net_banking,FR,205.126.218.224,0
3936.1,credit_card,AU,206.180.107.121,1
8409.93,upi,IN,19.132.234.6,0
5270.76,upi,FR,152.224.188.237,0
6.34,debit_card,US,30.198.221.251,1
7532.1,net_banking,CN,192.110.31.55,0
3747.99,upi,AU,147.234.202.182,0
1716.22,net_banking,AU,26.16.148.129,1
52.33,wallet,FR,8.6.184.253,0
5450.01,upi,CN,84.76.27.151,0
929.77,upi,DE,46.141.93.16,0
613.96,credit_card,FR,175.115.104.67,0
1659.91,net_banking,GB,196.41.104.12,0
6944.32,net_banking,FR,48.220.146.127,0
277.4,net_banking,US,103.78.167.177,0
1008.94,credit_card,FR,106.228.166.231,0
2090.56,net_banking,IN,165.211.147.191,0
5947.86,upi,CN,66.203.225.96,0
4257.5,credit_card,DE,64.73.214.152,0
9469.87,debit_card,GB,76.194.105.77,0
3141.84,net_banking,FR,93.212.108.254,0
2536.49,wallet,CN,96.3.15.233,0
8791.02,net_banking,GB,14.164.172.224,0
3726.28,upi,CN,75.86.47.58,0
2866.73,debit_card,US,215.67.44.15,0
4595.55,upi,CN,207.14.48.215,0
1981.36,net_banking,FR,16.3.7.159,0
5519.44,credit_card,AU,28.51.40.2,0
4672.62,net_banking,GB,193.21.23.144,1
5673.17,credit_card,AU,145.60.128.76,0
6598.63,upi,FR,86.54.95.210,0
5541.73,upi,GB,149.150.189.166,0
4283.59,upi,AU,136.153.168.65,0
3430.59,credit_card,IN,133.228.41.173,0
8318.66,net_banking,AU,120.211.120.100,0
7016.83,credit_card,US,184.187.92.62,1
3792.26,net_banking,AU,73.20.216.29,0
6957.14,debit_card,GB,136.178.167.250,0
4008.42,credit_card,FR,52.115.75.1,0
2888.88,net_banking,IN,102.123.58.215,0
8246.18,net_banking,FR,3.230.0.106,0
8942.18,upi,FR,92.166.246.8,0
4699.5,wallet,GB,30.142.143.237,0
9135.36,debit_card,GB,5.7.243.41,1
4394.32,net_banking,GB,56.36.147.74,1
2271.44,wallet,IN,85.122.92.99,0
6250.91,debit_card,IN,173.222.85.159,0
4973.63,credit_card,CN,27.59.202.99,1
9432.02,credit_card,IN,29.33.7.122,0
1793.98,upi,FR,64.98.105.118,0
4317.88,wallet,AU,7.145.145.238,0
9579.45,credit_card,IN,115.219.97.47,0
8957.78,credit_card,FR,123.204.254.241,0
8148.63,wallet,FR,92.55.217.238,0
3021.56,credit_card,DE,63.29.169.100,0
3321.54,net_banking,US,137.134.19.32,1
6510.08,wallet,IN,194.89.168.106,0
4550.54,wallet,DE,96.251.103.118,0
3779.27,credit_card,AU,200.158.212.123,1
7945.69,credit_card,GB,53.103.120.129,1
3091.78,credit_card,US,213.33.160.252,0
1562.56,upi,CN,190.254.199.10,0
6495.4,upi,IN,44.2.41.70,1
7426.61,debit_card,CN,44.74.147.15,0
7091.42,upi,CN,104.193.14.240,0
2021.67,credit_card,AU,165.108.101.68,0
1155.73,net_banking,DE,214.1.44.56,0
1684.69,credit_card,IN,181.220.205.196,0
7300.04,net_banking,DE,14.241.213.186,0
6267.15,credit_card,FR,111.229.37.228,0
2484.91,net_banking,GB,214.211.252.80,0
3244.85,upi,DE,130.27.37.218,0
3070.62,upi,FR,117.21.63.115,1
6051.48,wallet,FR,2.201.26.223,0
3532.26,wallet,US,67.252.37.74,1
1435.51,debit_card,FR,92.93.180.96,0
1866.22,net_banking,FR,215.42.254.16,0
1262.37,wallet,CN,134.250.190.115,0
413.07,wallet,CN,221.157.235.202,0
2005.05,credit_card,DE,217.42.32.125,0
1450.39,wallet,GB,218.210.30.233,0
1161.82,debit_card,GB,22.38.15.200,0
7695.6,wallet,CN,109.180.92.245,0
3881.67,wallet,US,188.129.148.65,0
2319.53,credit_card,CN,26.41.46.134,0
2705.36,debit_card,GB,171.223.209.76,1
9809.81,credit_card,GB,78.16.199.181,0
82.81,wallet,IN,180.252.17.197,0
9759.62,debit_card,GB,201.147.131.106,0
9507.06,upi,FR,200.215.15.122,0
4976.74,upi,DE,209.125.197.215,0
4083.07,credit_card,GB,77.68.198.99,1
7989.29,debit_card,GB,90.99.187.46,0
4048.35,upi,DE,154.84.93.15,0
9148.72,credit_card,FR,4.8.122.238,0
8577.4,debit_card,AU,203.162.233.230,0
6583.96,upi,DE,15.213.217.3,0
9636.62,wallet,GB,36.58.21.254,0
7920.86,net_banking,GB,95.137.0.129,0
8694.97,debit_card,FR,182.134.207.213,0
8621.98,net_banking,CN,55.10.109.182,0
6670.77,debit_card,DE,33.124.174.74,0
4136.76,net_banking,IN,183.166.224.127,0
4291.5,net_banking,CN,129.200.237.229,0
7208.28,debit_card,GB,151.133.80.162,1
9327.54,upi,US,108.34.96.164,0
9886.25,debit_card,US,92.158.39.93,0
2506.67,net_banking,GB,124.224.204.21,0
6450.45,wallet,DE,53.190.215.28,0
4907.46,credit_card,GB,116.56.220.139,0
2573.81,wallet,AU,204.90.33.176,0
238.02,upi,DE,111.194.185.64,0
2726.17,net_banking,FR,94.175.39.194,1
220.47,upi,US,28.86.69.250,0
2786.13,credit_card,US,176.198.255.185,0
8098.69,upi,GB,72.140.145.156,0
5241.63,upi,FR,176.254.243.220,0
8999.04,upi,IN,91.129.92.147,0
7548.87,upi,GB,116.90.22.151,0
4307.17,debit_card,US,120.236.102.81,0
6065.38,debit_card,AU,55.235.94.131,0
4405.07,debit_card,AU,140.33.123.155,0
8453.98,net_banking,GB,177.232.73.255,0
7235.17,debit_card,CN,32.228.158.77,1
9224.09,wallet,AU,111.237.97.244,0
6503.23,upi,US,164.32.47.175,0
1301.72,debit_card,IN,54.4.204.176,1
3402.95,credit_card,US,198.153.109.54,0
784.34,upi,US,154.186.214.140,0
4667.21,debit_card,DE,202.34.164.242,0
3028.15,debit_card,AU,120.213.97.229,0
432.37,credit_card,US,10.13.92.22,0
1105.01,wallet,DE,23.38.6.52,0
7706.38,net_banking,AU,45.226.194.83,0
2143.42,net_banking,CN,198.186.235.91,0
4865.63,net_banking,AU,60.24.81.191,0
8098.73,net_banking,FR,49.58.41.129,0
2680.02,debit_card,AU,187.39.48.182,0
2917.27,net_banking,GB,193.102.206.78,0
4614.36,debit_card,FR,117.5.15.50,0
2194.84,debit_card,US,197.27.118.194,0
6047.41,wallet,IN,2.0.119.175,1
3164.54,wallet,GB,84.255.73.69,0
9989.29,credit_card,AU,52.176.108.241,0
3280.77,wallet,CN,64.231.88.46,0
20.03,wallet,FR,39.86.145.211,0
8479.68,debit_card,AU,108.103.166.189,0
798.2,upi,GB,192.150.42.128,0
1062.16,net_banking,FR,210.216.86.149,1
4641.3,debit_card,FR,58.47.239.223,0
9213.99,debit_card,FR,93.161.28.230,0
4043.57,credit_card,GB,198.172.148.21,1
5808.2,debit_card,CN,59.247.23.128,0
3024.79,net_banking,IN,146.89.210.126,0
7028.14,wallet,FR,64.134.177.22,0
8086.11,wallet,IN,145.60.27.19,0
8251.01,credit_card,IN,84.10.13.135,0
8168.01,wallet,FR,50.101.83.60,0
8691.32,credit_card,GB,79.236.140.44,0
7971.44,wallet,AU,168.71.176.126,0
1404.56,debit_card,AU,120.114.222.34,0
2315.42,debit_card,CN,166.178.145.161,0
999.82,debit_card,US,126.115.108.218,0
1997.32,upi,DE,122.128.130.79,0
4968.32,wallet,DE,223.169.247.255,0
8566.06,upi,FR,211.238.170.23,0
7738,credit_card,DE,42.217.172.112,0
9168.81,wallet,IN,11.178.57.253,0
7092.76,credit_card,GB,158.140.104.159,0
1101.27,net_banking,DE,47.67.106.180,0
5616.91,upi,DE,70.76.137.143,0
3761,net_banking,GB,173.7.137.106,0
3382.21,wallet,AU,203.131.227.194,0
7220.68,credit_card,FR,219.150.237.119,0
1402.35,credit_card,DE,9.254.50.181,0
8524.44,credit_card,US,15.255.81.1,0
3121.76,debit_card,CN,126.206.245.125,1
483.94,debit_card,FR,17.222.11.109,0
7849.06,net_banking,FR,109.183.128.30,0
6197.93,wallet,AU,102.154.199.42,0
7198.62,upi,FR,116.208.60.189,0
78.49,net_banking,FR,162.251.1.7,1
1538.9,debit_card,US,6.0.209.116,0
1297.51,wallet,CN,5.115.50.246,0
2952.11,net_banking,GB,118.173.140.100,0
4914.16,wallet,DE,213.4.221.228,0
4439.45,upi,GB,114.15.165.205,0
3356.73,net_banking,CN,213.96.66.35,0
6968.8,debit_card,CN,185.148.147.192,0
4671.92,wallet,AU,160.86.40.145,0
7398.87,debit_card,IN,182.100.163.142,0
9511.29,debit_card,DE,74.189.101.104,0
1933.67,wallet,DE,56.211.105.4,0
1642.33,debit_card,FR,100.254.65.50,0
4815.22,debit_card,AU,69.128.99.49,0
1166.7,credit_card,DE,9.78.208.91,1
7373.74,credit_card,CN,79.141.205.87,0
949.2,upi,IN,190.105.138.50,0
2102.58,wallet,GB,154.101.158.215,1
3769.78,debit_card,GB,193.202.231.50,0
5225.11,upi,IN,120.156.242.229,0
5703.07,upi,GB,213.12.0.98,1
4186.6,credit_card,FR,141.110.243.108,0
9404.73,debit_card,IN,209.183.149.164,0
2660.77,wallet,IN,9.18.147.15,0
7106.37,upi,US,143.239.107.187,0
3966.1,credit_card,IN,20.77.187.218,0
8846.93,wallet,AU,146.129.130.106,0
3285.46,net_banking,DE,73.116.128.248,0
2453.89,credit_card,GB,54.233.34.168,0
9781.54,upi,GB,51.7.214.119,0
67.13,upi,FR,12.14.94.143,0
1416.68,upi,DE,94.175.72.144,0
7441.23,credit_card,CN,163.49.151.142,0
9753.31,net_banking,GB,149.184.91.10,1
8587.33,net_banking,CN,30.23.135.216,0
8069.04,wallet,GB,82.240.7.120,0
1559.71,net_banking,US,206.167.175.111,0
9074.18,net_banking,CN,56.93.124.90,1
8514.55,upi,CN,57.174.108.134,0
787.17,upi,CN,147.16.221.22,0
8151.19,upi,FR,143.14.47.245,0
9073.81,wallet,IN,97.187.40.1,0
5618.27,upi,IN,121.86.219.83,0
933.73,credit_card,IN,15.157.27.35,0
9043.72,debit_card,US,216.73.132.69,0
3765.32,wallet,GB,30.153.65.138,0
4432.04,upi,FR,209.171.69.90,0
388.58,net_banking,AU,163.27.243.179,0
2232.2,net_banking,US,195.213.212.69,0
5962.81,net_banking,FR,129.43.121.237,0
8116.61,debit_card,DE,102.105.176.240,0
8009.16,debit_card,FR,169.252.1.19,0
2001.04,credit_card,GB,173.187.143.195,0
1547.71,wallet,FR,205.122.226.229,0
8277.97,net_banking,US,151.16.119.237,0
9064.51,credit_card,CN,145.33.147.73,0
3906.34,credit_card,US,65.14.44.245,0
2503.42,credit_card,IN,74.183.246.9,0
4529.74,upi,FR,174.123.180.85,0
985.83,debit_card,CN,203.94.57.189,0
7660.46,upi,DE,63.252.212.10,1
9589.34,wallet,IN,187.89.217.183,0
4938.54,credit_card,FR,91.164.215.235,1
1885.12,net_banking,CN,176.202.158.140,0
5212.23,upi,FR,176.116.237.53,0
880.99,wallet,CN,145.113.87.142,0
7907.57,upi,GB,45.89.242.4,0
8944.05,debit_card,DE,220.73.85.181,0
5741.39,wallet,US,97.121.206.2,0
2803.17,wallet,CN,167.240.223.44,0
5643.04,wallet,US,154.23.144.26,0
8373.78,upi,CN,142.130.30.126,0
4322.55,net_banking,DE,209.187.169.54,0
8128.33,debit_card,FR,17.0.211.19,0
5381.58,credit_card,FR,136.172.208.17,1
913.47,net_banking,AU,14.181.137.150,0
7341.4,upi,US,44.25.163.50,1
413.72,net_banking,CN,186.218.32.243,0
8423.27,credit_card,FR,195.67.181.171,0
4202.56,debit_card,DE,192.145.143.144,0
5960.55,credit_card,AU,31.102.100.131,0
9742.14,credit_card,CN,149.40.78.91,0
3386.25,debit_card,DE,124.79.197.33,0
361.62,credit_card,GB,21.27.69.113,0
3302.86,wallet,CN,216.73.69.19,0
5765.94,net_banking,GB,3.158.69.3,1
3828.95,credit_card,CN,154.246.57.151,0
7927.66,net_banking,IN,154.211.122.119,0
7854.96,net_banking,CN,179.152.252.86,0
5603.15,net_banking,DE,135.33.202.19,0
3629.64,credit_card,FR,171.237.218.24,0
2281.05,upi,AU,38.102.134.82,0
5719.8,credit_card,DE,155.63.204.40,0
8797.74,wallet,US,120.226.150.168,0
1316.38,upi,DE,132.200.99.189,0
5467.15,wallet,US,64.242.227.199,0
3667.49,credit_card,DE,193.70.232.219,0
4450.26,upi,GB,221.15.43.204,0
8615.24,credit_card,CN,62.206.40.34,0
2666.24,wallet,FR,218.6.118.180,0
8394.36,net_banking,GB,136.252.249.107,0
586.04,wallet,FR,89.23.48.93,0
2850.26,wallet,IN,142.104.70.5,0
8308.65,debit_card,FR,90.101.27.27,0
5351.65,wallet,FR,208.226.47.207,0
9614,net_banking,US,89.143.170.202,0
6692.13,upi,AU,83.5.84.83,0
2543.13,debit_card,DE,35.129.125.174,0
862.75,credit_card,DE,190.67.19.71,0
6742.61,wallet,IN,212.167.40.239,0
1223.48,wallet,IN,2.130.42.34,0
2948.22,upi,DE,138.198.82.97,0
781.48,debit_card,GB,175.193.191.40,0
9309.69,credit_card,CN,48.44.125.147,0
4638.48,wallet,DE,101.4.154.203,0
9339.85,net_banking,AU,209.166.76.104,0
3192.34,upi,GB,9.31.99.233,0
2837.66,net_banking,FR,217.27.233.1,0
4638.55,debit_card,US,106.64.235.108,0
8689.61,debit_card,GB,173.19.160.6,0
4256.21,upi,GB,204.234.135.230,0
9095.76,upi,US,200.6.148.59,0
7419.52,upi,GB,186.88.163.1,0
7758.24,debit_card,FR,174.164.97.246,0
9497.92,upi,DE,132.1.54.93,0
3586.56,upi,IN,77.65.56.155,0
1495.17,upi,DE,122.167.141.61,0
9716.97,debit_card,CN,158.29.5.154,0
222.53,debit_card,US,4.172.195.154,0
6066.18,debit_card,US,92.20.150.237,0
8921.05,credit_card,FR,57.207.189.70,0
5232.29,net_banking,GB,7.104.47.151,0
6164.39,debit_card,US,11.130.90.126,0
4042.83,upi,FR,89.147.58.234,0
9911.22,wallet,GB,174.129.211.46,0
7449.38,credit_card,CN,105.32.162.2,0
7990.74,credit_card,FR,66.52.95.152,1
9344.83,wallet,CN,39.106.144.191,0
4439.53,wallet,FR,145.32.141.186,0
2428.81,wallet,FR,1.180.87.239,0
3587.46,net_banking,IN,207.208.209.49,1
9648.65,upi,DE,52.109.106.221,0
7938.71,credit_card,DE,190.239.154.37,0
1192.58,credit_card,AU,11.183.123.165,0
8352.97,credit_card,FR,177.51.247.35,0
2921.79,debit_card,CN,187.182.39.219,0
2428.02,upi,US,32.112.247.228,0
6678.53,wallet,FR,113.59.44.193,0
6289.94,credit_card,US,27.198.147.198,0
6329.09,net_banking,IN,23.205.251.214,0
9126.8,credit_card,IN,4.228.169.62,0
1671.19,credit_card,US,193.183.167.7,0
547.72,debit_card,CN,87.104.143.1,0
2557.41,upi,CN,108.78.229.7,0
6548.28,wallet,FR,29.105.45.71,0
4973.92,upi,DE,79.29.54.240,0
7757.15,debit_card,IN,158.141.248.132,0
9630.21,credit_card,IN,187.4.45.230,0
6006.71,credit_card,DE,138.73.44.86,0
8037.75,net_banking,AU,223.94.25.237,0
3957.74,upi,CN,10.163.100.67,0
6259.22,wallet,FR,174.77.97.121,0
1271.7,wallet,DE,158.244.223.18,0
4021.64,upi,CN,100.134.252.207,1
5708.65,debit_card,AU,139.25.22.224,0
6626.53,credit_card,CN,148.45.5.250,0
7048.16,wallet,FR,155.132.31.136,0
4524.87,credit_card,DE,137.56.184.78,0
3230.3,credit_card,FR,14.67.88.10,0
3412.17,credit_card,CN,118.24.128.234,0
9652.51,wallet,CN,45.135.21.234,0
5574.58,upi,FR,121.239.51.167,0
9369.57,credit_card,US,6.249.253.41,0
4628.62,upi,FR,205.231.195.255,0
4998.92,debit_card,GB,137.95.169.4,0
5149.46,wallet,IN,41.54.30.40,0
4016.82,net_banking,AU,171.6.220.145,0
153.88,upi,CN,4.234.252.239,0
6011.53,wallet,US,222.76.240.130,0
916.24,net_banking,AU,21.207.6.120,0
3489.99,upi,FR,143.240.210.188,0
7663.43,debit_card,DE,133.174.211.236,0
4667.41,net_banking,US,5.174.172.56,1
6872.28,debit_card,DE,49.127.232.218,1
2513.52,wallet,GB,13.169.198.11,1
6704.6,debit_card,GB,171.66.228.121,0
447.94,upi,GB,177.98.239.223,0
2704.98,upi,FR,97.147.117.52,0
9853.67,wallet,CN,138.119.173.218,1
4491.18,upi,IN,168.234.170.187,0
6157.17,wallet,AU,82.106.193.106,1
1581.85,wallet,IN,154.221.164.71,0
6409.88,net_banking,AU,166.42.119.220,0
6467.5,upi,CN,71.92.184.63,1
259.68,credit_card,AU,218.181.104.88,0
2125.96,debit_card,AU,197.16.131.152,0
7680.49,net_banking,DE,156.10.54.173,1
1051.42,credit_card,US,58.141.47.237,0
5247.99,upi,GB,169.123.81.172,0
3338.48,upi,GB,37.189.34.80,0
2318.11,upi,IN,178.235.126.137,0
7075.62,net_banking,GB,8.71.205.86,1
9715.83,debit_card,FR,169.170.91.243,0
5616.38,credit_card,CN,202.49.8.47,0
9724.6,debit_card,CN,215.132.131.148,0
5722.62,upi,AU,70.28.68.72,0
4469.82,debit_card,US,174.127.40.161,0
6756.29,wallet,FR,89.12.159.250,0
3913.69,credit_card,CN,140.169.89.63,0
6802.79,credit_card,IN,124.162.142.78,0
5987.77,upi,IN,215.59.133.128,1
7945.41,debit_card,DE,78.156.169.154,0
1399.8,upi,IN,122.109.139.177,0
192.19,wallet,GB,108.87.74.55,0
7643.61,debit_card,DE,102.139.159.185,0
3678.98,wallet,GB,221.5.200.0,1
5748.9,wallet,GB,193.93.46.184,1
1881.29,upi,GB,102.17.155.181,0
2131.94,upi,IN,62.180.25.154,0
9390.21,upi,CN,145.85.163.91,0
3190.42,upi,DE,81.223.138.5,0
965.15,debit_card,GB,163.135.120.126,0
2626.38,debit_card,AU,73.45.245.9,0
978.54,debit_card,GB,172.6.233.69,0
1797.37,net_banking,CN,41.79.114.115,1
7967.06,wallet,CN,17.80.102.7,0
8194.24,net_banking,IN,11.133.18.127,0
5823.87,upi,AU,157.57.91.26,0
5868.28,debit_card,CN,60.83.97.111,1
1369.12,net_banking,AU,116.103.204.175,0
5678.27,credit_card,CN,140.20.103.218,1
3886.38,upi,FR,95.94.130.254,0
35.75,upi,IN,125.33.130.87,0
9432.52,net_banking,DE,118.71.138.57,0
4035.71,net_banking,US,88.9.74.227,0
1677.63,wallet,US,70.23.219.124,0
4495.52,upi,CN,10.55.54.36,0
7182.1,wallet,US,190.191.0.18,0
4579.01,wallet,AU,80.190.4.73,0
5082.71,debit_card,GB,214.62.28.42,0
290.53,debit_card,GB,181.175.62.126,0
160.22,wallet,DE,184.123.96.70,0
7329.81,credit_card,IN,26.119.52.198,0
6093.14,debit_card,CN,35.71.228.43,0
9471.26,upi,CN,56.246.20.224,0
7709.78,net_banking,DE,188.73.95.231,0
8691.48,net_banking,GB,5.55.47.22,0
8234.01,net_banking,DE,147.139.139.27,0
1354.73,upi,AU,154.157.120.94,0
4237.89,wallet,CN,101.104.42.41,0
9571.31,wallet,AU,37.157.74.206,0
5987.29,net_banking,CN,89.188.61.218,0
2024.45,debit_card,AU,93.220.50.163,0
4562.66,net_banking,IN,181.95.172.184,0
6903.44,net_banking,US,78.233.161.93,0
1635.01,debit_card,GB,118.12.54.205,0
3474.3,upi,DE,45.155.143.50,0
604.6,debit_card,GB,11.126.243.115,0
2839.2,credit_card,GB,22.32.123.32,0
8358.4,credit_card,AU,211.48.62.26,0
7135.92,upi,DE,11.31.251.169,0
8506.84,upi,DE,7.115.253.214,0
301.65,net_banking,DE,144.198.39.201,0
3179.59,upi,CN,158.42.105.14,0
4255.39,credit_card,DE,129.217.29.68,0
2504.72,upi,GB,45.45.151.59,0
8066.37,debit_card,US,130.55.242.93,1
3867.8,wallet,CN,193.225.142.133,1
8105.19,upi,DE,100.27.36.33,0
8335.76,upi,AU,173.37.147.244,0
9129.59,credit_card,US,119.140.168.16,0
1934.57,wallet,FR,81.171.12.128,0
1447.41,credit_card,US,174.81.245.103,0
2082.07,net_banking,DE,51.9.148.182,0
1163.01,debit_card,GB,210.214.122.47,1
9340.4,debit_card,GB,159.196.19.115,0
6574.41,debit_card,IN,37.167.166.51,0
3849.96,debit_card,CN,114.45.114.250,0
9603.31,wallet,AU,47.93.82.38,0
2155.81,upi,US,223.132.119.127,0
6161.69,wallet,GB,126.189.133.87,0
4990.33,debit_card,DE,180.168.169.197,1
9055.04,credit_card,GB,84.146.238.150,0
1019.01,credit_card,US,36.214.96.113,0
1149.52,wallet,US,44.67.126.253,0
7879.88,upi,US,103.46.71.47,1
4804.39,wallet,IN,14.200.17.213,0
1383.48,upi,US,152.63.0.120,0
5473.35,debit_card,AU,41.34.98.51,0
2178.67,credit_card,GB,25.53.156.9,0
2957.17,net_banking,AU,137.236.138.156,0
6495.07,wallet,CN,15.212.22.88,0
8049.94,debit_card,DE,41.130.187.188,0
5702,wallet,AU,221.189.147.72,0
1675.7,upi,DE,121.177.90.247,0
7981.01,upi,GB,74.25.4.131,0
5660.48,credit_card,GB,91.31.208.62,0
9691.18,debit_card,AU,204.78.119.135,0
5795.27,credit_card,GB,62.23.179.175,0
4267.24,credit_card,DE,151.119.139.26,0
5486.25,credit_card,FR,134.78.52.37,1
4073.07,upi,GB,79.184.133.70,0
6439.14,upi,AU,8.123.82.168,0
2738.1,credit_card,CN,210.194.178.234,0
629.53,credit_card,DE,24.82.70.234,0
8714.23,upi,FR,184.56.41.184,1
5730.49,upi,US,152.22.114.42,0
5811.69,wallet,US,105.243.153.75,0
1220.28,debit_card,DE,138.59.31.25,0
4833.31,upi,GB,200.249.7.40,0
515.69,upi,AU,73.47.201.228,0
8717.93,debit_card,AU,137.59.134.99,0
6595.03,credit_card,IN,212.240.103.204,0
7653.01,credit_card,IN,168.90.200.176,0
6727.61,net_banking,GB,81.226.81.194,0
1923.63,credit_card,DE,93.240.252.19,0
6643.49,debit_card,FR,144.130.157.26,0
5730.87,debit_card,US,130.167.255.165,0
3866.26,net_banking,FR,137.12.6.225,0
7423.84,net_banking,GB,175.156.176.252,0
8692.37,debit_card,CN,85.77.136.74,1
8608.25,upi,IN,123.67.41.98,0
8255.11,wallet,IN,33.107.70.42,0
4346.25,wallet,CN,196.247.171.230,0
7433.94,debit_card,CN,100.150.210.74,1
2996.33,credit_card,IN,137.55.58.150,0
5341.6,wallet,IN,115.104.113.44,0
4650.91,debit_card,GB,16.87.128.170,0
3648.67,credit_card,DE,189.119.114.195,0
4402.81,credit_card,IN,136.68.82.105,0
8082.45,wallet,GB,152.216.232.124,1
3933.4,credit_card,DE,217.139.45.73,0
608.99,net_banking,GB,81.66.105.233,0
8044.19,net_banking,US,116.48.109.209,0
4737.2,upi,DE,217.205.2.173,1
866.67,debit_card,DE,73.70.253.217,0
2369.7,wallet,AU,28.92.182.228,0
2922.28,net_banking,IN,195.202.9.24,0
2697.66,upi,IN,82.67.12.73,0
137.39,credit_card,AU,14.200.42.31,0
7284.52,credit_card,AU,22.58.158.251,0
6161.28,debit_card,US,104.30.208.45,0
8604.06,upi,AU,123.20.66.252,0
9785.94,wallet,US,140.169.103.141,0
8767.12,upi,IN,31.17.12.242,0
3773.38,net_banking,CN,123.59.183.89,0
4886.65,debit_card,FR,95.213.139.166,0
5425.51,credit_card,DE,121.96.58.233,0
7697.45,upi,AU,141.75.192.208,0
2313.21,upi,US,38.254.62.250,0
6743.68,wallet,US,155.232.175.132,0
9573.14,upi,DE,44.82.140.203,0
1858.93,net_banking,CN,40.41.59.195,1
3547.03,net_banking,IN,203.79.220.203,1
5271.04,debit_card,AU,119.142.221.28,0
9100.64,debit_card,GB,27.84.70.173,0
5321.85,credit_card,US,29.246.170.139,0
5725.4,wallet,CN,38.193.158.196,0
8119.07,upi,GB,197.207.178.187,0
3313.44,wallet,IN,64.254.210.48,1
4412.51,credit_card,CN,201.139.134.208,0
9872.46,debit_card,GB,143.50.70.106,0
5392.62,wallet,FR,38.47.42.136,0
5078.87,credit_card,DE,50.247.20.70,0
9316.4,net_banking,FR,147.73.176.49,0
1115.54,net_banking,AU,126.63.180.92,0
7473.02,net_banking,CN,3.89.121.107,0
3821.89,debit_card,AU,73.62.164.101,0
9580.94,wallet,AU,85.183.37.58,0
1415.42,upi,AU,190.121.134.164,0
3139.16,upi,IN,168.124.75.49,0
7960.25,credit_card,CN,61.132.177.250,0
7378.85,upi,AU,121.94.161.245,0
5400.99,debit_card,GB,207.51.220.166,0
2655.6,upi,GB,64.77.147.241,0
2848.47,debit_card,US,77.75.91.201,0
3008.15,debit_card,AU,39.92.200.148,0
426.44,net_banking,DE,12.209.223.101,0
108.33,debit_card,FR,211.70.129.218,0
4193.29,wallet,CN,6.79.60.110,0
3544.71,debit_card,FR,183.221.224.157,1
2153.77,credit_card,AU,211.143.120.217,0
3760.06,wallet,IN,156.115.212.231,0
7564.97,upi,DE,111.113.160.161,0
7816.96,debit_card,IN,121.87.171.161,0
8688.65,net_banking,IN,16.223.66.54,1
9950.81,net_banking,AU,2.16.185.63,0
7508.3,debit_card,DE,203.153.182.185,0
8077.37,wallet,FR,56.105.112.27,1
2044.35,net_banking,AU,101.196.134.200,0
6738.86,wallet,US,117.227.102.220,0
3640.71,upi,DE,96.17.35.120,1
1015.81,net_banking,CN,142.245.9.99,0
2895.43,credit_card,CN,52.21.247.208,1
8577.46,upi,AU,30.246.57.196,0
4955.5,net_banking,CN,216.26.213.215,0
7288.12,upi,AU,42.123.214.65,0
1547.52,credit_card,DE,97.199.38.34,0
8596.81,wallet,FR,218.90.163.177,0
5666.35,upi,GB,151.211.254.120,0
1932.89,net_banking,FR,25.41.129.34,0
514.96,wallet,GB,129.88.78.190,0
8444.15,net_banking,CN,197.214.78.190,0
6562.61,net_banking,US,181.212.185.223,0
7212.56,upi,GB,99.28.0.183,0
6195.12,wallet,IN,201.83.187.246,0
9811.68,net_banking,GB,4.67.108.203,0
1451.58,net_banking,GB,30.241.160.81,1
6479.77,debit_card,DE,167.13.196.118,0
6653.83,wallet,FR,44.162.41.159,1
7297.59,upi,DE,1.34.224.189,0
6735.53,upi,AU,20.53.115.199,0
4831.02,debit_card,US,153.234.168.26,0
8923.41,net_banking,GB,141.77.157.142,0
481.98,credit_card,US,65.117.230.89,0
7705.52,credit_card,US,6.189.233.56,0
4700.66,debit_card,US,176.23.141.49,0
187.76,net_banking,DE,98.92.127.149,1
194.45,debit_card,AU,175.89.222.38,0
9794.64,debit_card,IN,25.18.216.197,0
9075.33,credit_card,US,66.125.37.204,0
4888.18,debit_card,FR,88.64.37.254,1
8748.6,upi,US,152.97.192.122,0
6372.43,net_banking,CN,183.110.60.228,0
7846.07,net_banking,GB,57.162.123.222,0
1008.68,debit_card,US,3.189.92.83,0
3187.38,upi,CN,159.12.24.210,0
2010.37,upi,FR,110.231.147.213,0
8022.7,debit_card,DE,220.162.231.163,0
2992.69,debit_card,IN,185.169.201.197,0
678.31,wallet,AU,27.212.95.191,0
5087.88,upi,IN,42.224.22.117,0
9573.16,credit_card,CN,59.42.100.141,0
1867.62,credit_card,AU,30.27.147.144,0
315.15,wallet,FR,46.131.48.93,0
9769.38,wallet,IN,196.236.149.103,0
557.61,credit_card,US,53.175.215.149,0
8274.16,credit_card,FR,111.244.42.249,0
9425.23,credit_card,GB,211.47.208.180,0
580.89,credit_card,AU,104.131.2.238,0
2714.96,upi,DE,114.221.33.142,0
6810.65,credit_card,IN,91.252.2.136,0
3706.18,wallet,GB,139.125.41.210,1
4089.74,wallet,GB,60.47.190.62,0
75.81,net_banking,GB,34.108.74.242,0
761.82,wallet,DE,106.134.140.118,0
1621.83,upi,IN,211.105.91.185,0
892.47,upi,CN,158.79.117.3,0
589.77,wallet,IN,164.134.116.201,0
5649.36,net_banking,DE,185.196.180.133,0
4429.28,debit_card,GB,34.17.79.79,0
6080.09,wallet,FR,145.25.203.25,0
8305.21,upi,CN,61.134.7.202,0
8135.61,net_banking,CN,82.204.38.123,0
7292.96,wallet,AU,119.70.200.147,0
2393.96,wallet,AU,141.44.169.246,0
7073.43,wallet,FR,36.90.209.248,0
6695.95,debit_card,US,34.186.248.33,0
8386.33,debit_card,IN,161.118.133.153,1
8082.64,net_banking,FR,50.218.143.250,1
8478.16,upi,DE,32.19.54.188,0
3651.85,debit_card,GB,66.194.54.165,0
3399.39,wallet,GB,106.181.53.210,0
1713.48,net_banking,FR,18.153.148.79,0
4642.38,net_banking,DE,129.75.69.15,0
3526.85,credit_card,US,200.138.49.220,0
7037.59,wallet,GB,161.58.180.44,0
1227.3,wallet,GB,135.105.105.88,0
942.81,net_banking,CN,102.102.131.212,0
5507.92,upi,IN,207.118.112.34,1
4762.51,debit_card,US,94.79.35.94,0
9152.64,upi,IN,190.67.15.163,0
78.09,wallet,CN,196.172.22.40,0
3393.87,credit_card,GB,5.27.6.220,0
787.49,net_banking,DE,169.219.4.62,0
1457.28,net_banking,AU,9.74.189.77,0
6708.81,wallet,US,130.62.255.132,0
828.05,net_banking,FR,183.240.142.143,1
2478.7,credit_card,FR,88.51.114.118,0
3790.81,net_banking,IN,218.95.105.250,0
5752.18,wallet,DE,3.145.206.228,0
8696.42,upi,US,215.191.230.101,0
9283.12,upi,IN,1.46.223.32,0
1786.46,debit_card,US,110.123.65.238,0
457.91,upi,AU,168.186.140.19,0
3887.26,net_banking,GB,187.74.249.188,0
5442.17,credit_card,CN,8.85.223.237,0
6720.43,credit_card,AU,73.40.237.141,0
4799.35,net_banking,IN,121.173.8.104,0
9707.1,credit_card,FR,136.194.53.63,0
7365.3,net_banking,AU,99.234.154.65,0
5878.46,upi,FR,180.6.140.199,0
9745.24,wallet,IN,125.11.1.241,0
7855.39,upi,DE,160.167.58.154,0
4372.12,upi,US,109.158.234.48,0
2566.34,debit_card,US,165.45.29.226,0
3699.4,net_banking,IN,102.97.91.69,0
6762.41,net_banking,CN,15.235.120.53,0
8848.32,wallet,AU,108.5.97.37,0
8529.04,net_banking,GB,39.104.71.94,0
7592.35,wallet,US,143.140.164.182,0
4578.53,debit_card,US,57.143.166.26,0
3755.2,net_banking,IN,184.203.119.26,0
9846.99,net_banking,GB,188.105.90.183,0
2074.39,wallet,US,2.32.194.30,0
9317.41,debit_card,IN,142.210.5.26,0
6960.29,net_banking,FR,58.243.202.157,0
8997.01,debit_card,IN,5.70.33.151,0
4943.63,debit_card,AU,209.126.92.59,0
668.49,wallet,CN,184.144.243.19,0
2680.49,upi,DE,186.183.183.126,0
6285.28,wallet,GB,128.127.139.156,0
7739.51,net_banking,FR,184.136.137.239,0
4512.08,net_banking,IN,114.222.21.124,0
2097.02,net_banking,FR,120.232.65.7,0
4376,credit_card,GB,107.48.29.235,0
8574.85,wallet,FR,210.93.205.200,1
4946.74,net_banking,US,34.186.120.185,0
8316.57,upi,GB,120.61.135.200,0
2959.95,net_banking,CN,162.137.248.139,0
6551.31,net_banking,US,57.227.242.7,0
4471.77,net_banking,DE,115.42.183.112,1
5419.08,credit_card,GB,209.2.167.99,0
234.66,upi,AU,140.32.83.147,0
6128.82,debit_card,FR,30.99.113.159,0
9692.19,upi,CN,149.108.155.113,0
6052.6,debit_card,FR,203.27.23.186,0
4051.93,upi,US,33.17.151.169,0
3400.93,net_banking,FR,43.232.32.142,0
1498,upi,US,23.76.41.141,0
9739.35,upi,DE,188.82.51.64,0
4824.33,upi,FR,176.121.37.213,0
6742.33,wallet,IN,140.11.88.101,0
9782.23,net_banking,FR,159.163.32.251,0
2441.98,wallet,CN,57.27.134.42,0
9213.72,wallet,IN,110.220.160.240,1
3847.45,debit_card,CN,60.118.129.78,0
2089.97,net_banking,CN,173.183.167.226,0
6896.67,upi,US,121.68.39.119,0
959.31,wallet,IN,208.18.45.103,1
3495.77,net_banking,GB,43.208.53.59,0
3770.52,debit_card,FR,73.222.200.43,0
5313.38,upi,US,118.93.236.241,0
3248.28,net_banking,GB,123.94.147.148,0
9793.95,debit_card,DE,59.40.113.234,0
8549.3,net_banking,DE,19.214.196.47,0
2670.65,debit_card,FR,117.10.188.69,0
9585.15,debit_card,US,122.71.120.77,0
6918.3,debit_card,FR,33.125.248.52,0
3562.52,net_banking,DE,11.63.120.64,0
8673.22,credit_card,FR,58.6.249.194,0
5033.79,upi,FR,176.176.154.77,0
7743.51,upi,CN,37.123.46.68,0
4124.88,net_banking,DE,201.28.238.47,0
2444.53,credit_card,CN,176.208.125.28,0
4153.4,wallet,FR,88.246.1.164,0
4621.73,upi,DE,201.102.18.185,0
5412.04,wallet,US,7.143.42.16,0
7230.32,wallet,CN,3.230.76.214,0
1514.3,wallet,US,129.153.111.166,1
4519.17,net_banking,FR,141.116.179.242,0
6368.87,debit_card,IN,36.68.145.1,0
6761.8,upi,FR,114.165.29.30,0
4604.8,credit_card,CN,167.64.32.234,0
7517.38,net_banking,GB,159.208.153.107,0
1130.02,net_banking,CN,60.44.173.146,0
7190.13,upi,DE,212.241.235.20,0
895.65,upi,DE,24.19.97.79,0
4679.54,wallet,US,23.43.157.18,0
4795.17,upi,FR,187.139.109.169,0
9012.18,credit_card,DE,216.113.18.113,0
420.67,upi,CN,38.40.14.164,0
3109.7,debit_card,GB,40.77.154.132,0
2244.3,wallet,FR,10.83.144.33,0
7075.79,credit_card,GB,85.193.253.219,0
5675.38,net_banking,IN,96.55.64.2,0
5662.53,upi,GB,18.126.193.191,0
4782.51,debit_card,AU,131.60.16.20,1
1923.65,net_banking,CN,93.218.97.32,1
1048.64,upi,IN,1.132.62.144,0
1125.47,credit_card,CN,86.212.243.80,0
5285.79,credit_card,IN,222.249.44.39,0
1195.26,wallet,DE,209.94.71.218,0
6757.4,credit_card,US,38.113.132.238,0
5253.75,credit_card,DE,135.11.41.25,0
857.98,credit_card,US,51.187.252.204,0
1803.52,net_banking,DE,198.221.131.198,0
9773.87,wallet,FR,96.14.143.196,0
5706.32,upi,IN,158.103.64.205,0
7624.32,net_banking,IN,45.177.87.142,0
9182.84,debit_card,IN,81.19.118.12,0
6207.49,net_banking,AU,207.116.156.153,0
5893.76,upi,CN,152.29.0.178,1
988.53,credit_card,AU,107.74.126.77,1
2117.18,wallet,US,182.37.121.159,0
201.86,net_banking,AU,121.24.69.168,0
4735.29,wallet,FR,27.156.181.190,0
7141.36,net_banking,AU,60.202.185.25,0
8481.4,credit_card,CN,42.98.159.98,0
6017.61,net_banking,IN,20.20.232.141,0
4478.58,credit_card,GB,142.5.162.29,0
9320.02,wallet,CN,19.25.203.217,0
2769.44,credit_card,AU,7.142.213.114,0
2083.04,debit_card,GB,181.146.254.45,1
7112.65,credit_card,US,84.59.45.239,0
3545.9,credit_card,DE,109.179.63.250,0
6282.9,debit_card,AU,135.118.236.22,0
2193.03,upi,US,84.156.162.99,0
5487.08,credit_card,CN,185.232.247.146,0
5843.36,credit_card,FR,32.24.161.254,0
7501.63,wallet,IN,98.107.93.234,0
1090.03,debit_card,FR,138.221.68.246,0
2531.46,credit_card,CN,168.81.108.227,0
1486.79,net_banking,CN,23.180.32.151,0
1351.29,credit_card,CN,80.157.97.118,0
6189.21,debit_card,IN,211.98.116.128,0
1978.13,upi,AU,69.182.71.241,0
3628.07,upi,IN,63.4.77.229,1
6449.84,upi,DE,137.0.130.68,0
5924.9,debit_card,FR,71.60.22.39,0
3688.14,upi,DE,105.234.112.117,0
7168.34,debit_card,GB,172.192.85.51,0
4999.31,credit_card,CN,126.51.7.248,0
6049.04,net_banking,US,116.213.134.108,0
2017.36,debit_card,US,171.156.161.190,0
9913.83,net_banking,CN,222.123.195.83,1
7858.05,upi,CN,149.157.37.55,0
8211.48,upi,DE,153.213.235.221,0
6645.41,net_banking,US,121.106.233.11,0
2063.85,wallet,DE,210.189.212.46,0
2906.95,upi,GB,101.183.20.236,0
917.32,upi,US,157.44.130.85,0
8841.47,credit_card,IN,210.231.203.11,1
9998.31,wallet,FR,59.40.73.67,1
629.86,credit_card,IN,164.214.40.88,0
6099.19,wallet,GB,17.204.229.15,0
7894.48,net_banking,US,75.57.11.144,0
6739.15,upi,FR,11.178.209.252,0
8373.71,wallet,CN,92.40.139.99,0
2390.04,wallet,CN,27.139.2.182,0
4199.29,net_banking,US,179.223.226.15,0
2684.1,upi,DE,44.193.216.55,0
2992.5,upi,US,117.8.7.245,0
8188.11,wallet,IN,149.251.110.90,1
6125.3,net_banking,DE,158.203.225.40,0
2245.35,upi,FR,216.163.99.145,0
2973.36,net_banking,DE,176.149.78.90,0
784.56,net_banking,IN,139.136.84.205,0
340.38,wallet,DE,124.112.202.135,0
8946.69,upi,GB,43.34.187.139,0
3074.05,upi,CN,93.35.244.78,0
2743.04,net_banking,AU,14.3.57.238,0
774.51,debit_card,FR,218.40.244.127,0
9852.69,debit_card,GB,149.159.254.193,0
6508.92,upi,AU,117.75.63.92,0
7022.82,net_banking,IN,199.74.39.124,0
4448.54,wallet,US,8.106.181.169,0
6141.82,wallet,DE,193.246.179.67,0
8324.56,credit_card,US,160.5.186.78,0
6794.97,debit_card,DE,65.50.211.107,0
9408.89,upi,US,169.28.0.249,1
2959.2,net_banking,AU,83.245.13.16,0
601.44,upi,FR,132.3.115.246,0
8657.88,wallet,DE,142.180.73.140,0
6647.35,debit_card,FR,187.131.218.62,1
5668.6,debit_card,DE,202.188.127.95,0
350.93,credit_card,AU,214.182.178.92,0
4165.52,debit_card,DE,34.137.96.122,0
1292.89,debit_card,IN,142.69.31.67,1
4615.34,net_banking,US,156.138.3.102,0
9536.08,wallet,DE,189.70.229.10,0
7064.98,credit_card,IN,107.55.250.246,0
2617.43,credit_card,AU,72.70.179.231,0
5318.68,wallet,CN,206.136.1.6,0
5035.46,credit_card,IN,185.111.122.79,0
5383.59,debit_card,GB,190.122.25.23,0
2316.46,debit_card,CN,58.116.81.52,0
7593.85,credit_card,FR,24.132.236.107,0
2897.34,wallet,US,12.222.170.41,0
9.13,upi,CN,26.160.106.39,0
8887.67,credit_card,DE,53.118.56.95,0
5882.92,upi,GB,206.62.23.49,0
1728.21,upi,AU,204.29.58.200,0
9904.25,net_banking,DE,100.247.136.114,0
8617.59,debit_card,FR,188.230.190.106,0
8856.11,wallet,US,20.39.102.253,0
8352.59,debit_card,IN,213.185.118.33,0
4772.85,net_banking,GB,21.119.75.201,0
2067.31,net_banking,AU,140.89.131.153,0
1637.66,debit_card,CN,81.82.213.240,0
2774.95,debit_card,GB,10.158.252.223,0
4626.27,debit_card,FR,139.214.86.240,0
4492.02,debit_card,DE,135.196.255.169,1
5693.68,credit_card,FR,23.240.145.191,0
8650.66,net_banking,DE,21.224.206.227,0
1745.76,credit_card,DE,67.123.67.226,0
1763.66,credit_card,GB,9.112.28.188,0
228.3,wallet,CN,161.130.240.41,0
3794.75,wallet,CN,212.101.27.12,0
9212.21,debit_card,IN,107.91.153.107,0
4436.92,net_banking,GB,151.111.240.10,0
5351.31,debit_card,CN,88.27.78.91,0
7354.33,wallet,AU,26.189.172.5,0
1164.05,wallet,DE,141.0.169.30,0
5005.33,net_banking,DE,156.106.84.248,0
680.79,wallet,AU,134.27.211.188,1
1476.53,wallet,GB,70.29.119.10,0
8029.06,debit_card,IN,182.8.24.89,0
6834.76,debit_card,CN,205.10.193.177,0
2352.34,credit_card,CN,108.64.89.98,0
1953.15,net_banking,CN,125.76.116.30,0
3949.73,net_banking,IN,109.96.99.86,0
5465.52,wallet,IN,4.185.5.197,0
7279.14,net_banking,DE,35.252.210.211,0
2727.48,credit_card,US,99.123.75.149,0
6438.54,debit_card,AU,218.150.177.246,0
592.28,debit_card,DE,211.247.12.52,0
1299.14,debit_card,IN,62.212.104.126,0
320.94,wallet,CN,147.1.7.86,0
9586.31,wallet,DE,112.241.244.31,0
858.55,net_banking,US,42.209.53.232,0
4902.5,upi,FR,192.227.86.176,0
3508.64,net_banking,US,204.12.186.234,0
1207.83,credit_card,IN,162.142.26.138,0
3672.45,debit_card,US,218.206.208.142,1
1036.17,wallet,AU,157.17.35.44,0
8342.65,net_banking,US,170.69.58.195,0
2361.37,wallet,AU,164.89.59.16,0
3268.28,credit_card,US,16.238.186.199,0
3135.5,upi,CN,33.133.133.53,0
529.21,wallet,DE,167.74.68.2,0
8833.39,upi,CN,162.27.244.163,0
8340.49,upi,CN,164.207.45.115,0
5530.01,debit_card,IN,41.244.131.161,0
8814.39,debit_card,US,30.58.221.130,0
9358.54,net_banking,CN,84.198.238.195,0
3295.8,net_banking,GB,221.64.87.88,0
8108.25,debit_card,FR,164.199.134.177,0
7949.06,net_banking,IN,169.40.27.178,0
9557.4,debit_card,DE,92.251.7.158,0
3113.57,credit_card,AU,212.111.239.219,0
4415.21,debit_card,FR,218.221.215.252,0
3882.43,upi,CN,87.3.83.250,0
8203.13,net_banking,FR,196.172.144.241,0
9736.52,upi,IN,161.124.152.194,1
8925.11,wallet,DE,115.60.78.183,0
1449.15,debit_card,FR,22.32.158.248,0
8498.97,net_banking,CN,88.19.253.63,0
5032.36,debit_card,IN,54.185.16.149,0
7404.31,credit_card,DE,156.88.227.108,1
5850.32,credit_card,FR,209.58.98.230,1
2481.1,debit_card,GB,60.135.145.101,0
9120.61,credit_card,GB,23.33.110.95,0
3151.58,net_banking,US,223.41.4.149,0
525.52,credit_card,GB,89.80.29.107,0
365.6,debit_card,US,197.89.8.131,0
3530.21,debit_card,AU,100.44.168.105,0
7544.54,debit_card,US,42.106.81.146,0
1594.54,upi,DE,108.127.85.158,0
5394.67,upi,IN,102.121.160.176,0
7148.49,credit_card,US,56.48.221.27,0
2073.26,wallet,DE,108.23.53.143,1
5045.48,wallet,CN,138.187.128.85,0
3315.45,credit_card,FR,208.226.220.59,0
6949.55,wallet,DE,132.248.81.73,0
2999.26,upi,GB,175.31.101.12,0
3074.73,credit_card,CN,36.235.119.188,1
7198.27,credit_card,FR,143.255.116.199,1
2505.34,credit_card,FR,5.186.58.10,0
9295.62,debit_card,DE,60.249.9.158,0
2950.34,net_banking,FR,196.100.124.201,0
9667.31,upi,AU,181.27.106.4,0
6780.78,credit_card,FR,177.140.21.49,0
7414.18,wallet,CN,222.3.73.9,0
5576.29,net_banking,DE,182.215.123.192,0
1295.48,credit_card,IN,7.242.228.205,1
9328.76,debit_card,FR,67.31.37.216,1
1103.81,credit_card,US,138.247.50.180,0
8608.49,upi,GB,22.96.121.130,1
1028.83,upi,FR,9.102.252.168,0
5626.91,debit_card,IN,104.3.93.88,1
4378.81,wallet,DE,218.179.116.22,0
9595.95,upi,DE,142.121.203.138,0
3157.51,debit_card,US,128.199.143.16,0
4741.04,credit_card,DE,150.168.158.84,1
2176.48,wallet,GB,81.234.209.170,0
9023.26,debit_card,GB,174.196.141.56,0
6051.63,net_banking,AU,174.103.52.100,0
4444.24,upi,DE,1.180.71.133,0
4184.37,debit_card,US,64.237.139.112,0
8137.96,upi,IN,175.52.45.170,0
8601.87,credit_card,DE,78.240.252.135,0
211.15,net_banking,GB,175.184.94.197,0
2053.89,net_banking,US,32.69.41.93,1
7246.95,net_banking,AU,111.68.215.50,0
2735.79,upi,GB,4.28.10.105,0
1547.37,debit_card,US,133.209.47.182,1
426.63,upi,GB,88.141.248.199,0
8361.1,debit_card,AU,142.18.138.52,1
7688.14,upi,AU,134.225.122.7,0
6572.48,upi,DE,66.157.249.168,0
2537.15,upi,DE,50.28.102.12,0
1742.35,debit_card,FR,110.21.172.196,0
7602.15,upi,AU,84.103.253.86,0
6546.24,credit_card,GB,140.221.9.143,0
7504.03,upi,US,219.102.148.197,0
5236.79,wallet,CN,130.16.86.89,0
7539.31,upi,GB,35.13.105.9,1
7418.45,wallet,FR,173.153.142.12,0
3661.56,upi,FR,43.199.82.220,0
8425.13,wallet,US,141.151.79.187,1
6231.48,net_banking,US,71.160.173.46,0
6278.85,wallet,GB,52.180.238.69,0
3481.55,debit_card,GB,51.129.8.173,0
2549.47,wallet,FR,162.227.82.64,0
1522.93,upi,AU,154.144.195.241,0
1050.07,wallet,AU,125.135.196.201,0
1298.18,wallet,IN,161.196.167.145,0
477.32,debit_card,GB,191.237.20.182,0
6589.81,credit_card,FR,110.20.115.160,0
599.96,debit_card,AU,166.143.118.253,0
3338.03,credit_card,GB,180.30.157.85,0
3054.57,wallet,DE,3.197.46.229,0
914.15,credit_card,IN,219.154.202.136,0
863.39,upi,DE,215.73.121.85,0
2900.76,upi,IN,118.100.170.163,0
4732.52,debit_card,GB,18.128.243.243,0
2712.65,wallet,IN,5.57.237.104,0
988.22,net_banking,AU,217.180.229.215,0
7306.39,credit_card,CN,71.72.84.189,0
2437.94,net_banking,IN,75.128.59.47,0
7566.04,credit_card,IN,6.13.34.72,0
6954.92,wallet,AU,87.115.161.29,0
7556.54,wallet,FR,77.213.171.212,0
8219.75,debit_card,FR,184.164.73.143,0
5790.75,debit_card,US,177.235.71.234,0
8887.18,credit_card,AU,184.133.45.252,0
8460.25,net_banking,CN,96.215.25.27,1
4652.36,net_banking,IN,145.40.117.52,0
5919.57,net_banking,AU,25.103.10.146,1
8686.05,wallet,FR,80.243.130.224,0
8237.25,wallet,AU,150.252.173.168,0
3136.69,wallet,US,53.203.120.191,0
9629.38,debit_card,FR,115.48.42.92,0
687.8,upi,AU,99.7.18.70,0
231.39,upi,IN,80.23.141.11,0
7956.53,net_banking,CN,150.42.109.245,0
3312.97,wallet,IN,208.220.18.29,0
3923.51,credit_card,GB,209.102.64.139,0
973.43,debit_card,GB,9.192.152.155,0
8701.32,credit_card,GB,121.155.162.109,0
2747.64,debit_card,DE,9.95.130.178,0
9142.25,debit_card,AU,211.88.184.135,0
5571.97,wallet,FR,14.193.75.130,0
4003.05,credit_card,GB,150.150.69.112,0
5524.33,wallet,GB,105.243.87.64,1
6971.18,wallet,AU,50.220.70.43,1
8075.43,credit_card,US,108.182.37.13,0
1432.61,credit_card,US,115.217.70.153,0
985.47,wallet,AU,76.85.209.115,0
7352.49,net_banking,GB,49.48.41.123,0
2598.05,net_banking,DE,204.211.141.16,0
3119.57,net_banking,AU,162.63.79.225,0
6287.94,net_banking,GB,27.61.92.211,0
5636.68,debit_card,GB,9.0.207.232,0
9226.71,wallet,US,207.175.240.0,0
47.83,credit_card,DE,62.219.2.182,0
5301.62,credit_card,GB,51.240.210.38,0
4864.5,credit_card,IN,25.17.173.68,0
7054.71,debit_card,DE,68.62.213.96,0
1803.39,credit_card,US,21.174.44.4,1
8752.02,credit_card,AU,71.57.218.240,1
1969.25,wallet,FR,215.102.132.165,0
4269.16,debit_card,FR,38.221.8.68,0
6945.32,upi,IN,50.230.67.185,0
2018.26,credit_card,DE,192.64.255.3,0
6188.91,upi,FR,1.206.252.7,0
1504.73,upi,CN,197.166.76.15,0
5080.84,credit_card,IN,11.163.38.32,0
8310.02,wallet,DE,215.218.79.9,0
4117.59,wallet,FR,105.187.249.146,0
6632.7,wallet,IN,200.148.231.180,0
5852.96,upi,FR,63.16.192.176,0
7240.53,credit_card,US,14.233.206.230,0
5924.92,upi,US,181.251.29.29,0
7773.96,wallet,AU,194.185.188.89,0
5745.54,wallet,CN,176.178.74.60,0
8752.84,credit_card,US,38.149.43.44,0
7016.78,debit_card,GB,11.247.77.249,0
6661.96,credit_card,DE,70.166.188.168,0
3037.81,wallet,US,191.71.211.32,0
9438.31,credit_card,FR,15.229.78.208,0
2342.22,net_banking,IN,37.204.141.89,0
5928.52,upi,CN,101.206.215.41,0
2073.98,debit_card,AU,122.184.113.255,0
9366.6,upi,IN,117.113.207.4,0
5089.8,debit_card,AU,120.135.250.111,0
2503.55,credit_card,GB,167.51.219.82,0
5043.35,credit_card,AU,160.156.165.116,0
8252.76,net_banking,DE,156.28.170.148,0
7511.2,net_banking,US,206.63.130.133,0
37.18,debit_card,DE,197.86.206.198,0
314.4,debit_card,US,120.36.161.130,0
2208.58,debit_card,AU,52.144.15.135,0
720.78,debit_card,FR,150.149.96.23,0
7131.87,net_banking,DE,187.120.56.239,0
3533.44,wallet,GB,220.1.157.64,0
3973.06,debit_card,CN,103.147.65.172,0
1994.25,debit_card,AU,195.59.153.13,0
7519.44,debit_card,IN,33.104.156.232,0
3183.43,wallet,FR,4.243.86.200,0
9334.93,credit_card,GB,59.199.222.133,0
4874.93,credit_card,FR,72.0.151.224,0
8412.92,wallet,AU,82.173.65.192,0
2283.5,debit_card,CN,203.6.228.70,0
6749,upi,DE,113.83.98.193,0
1443.6,credit_card,DE,189.218.156.200,1
1331.76,debit_card,FR,50.88.129.206,0
2113.96,credit_card,CN,93.126.99.208,0
5410,wallet,AU,125.134.189.28,1
7709.67,net_banking,CN,100.243.241.151,1
1378.47,debit_card,FR,64.43.12.94,0
9616.31,net_banking,GB,104.203.119.27,0
841.68,upi,FR,67.121.162.214,0
8977.06,credit_card,AU,142.121.150.148,0
2077.14,wallet,IN,25.252.173.59,0
4783.73,net_banking,DE,1.191.195.213,0
3917.83,credit_card,AU,186.8.54.122,0
176.84,debit_card,US,197.253.18.123,0
3092.07,upi,IN,196.51.38.212,1
7561.34,net_banking,AU,115.104.52.160,0
9226.71,credit_card,CN,203.38.73.34,1
5975.7,credit_card,IN,66.168.123.155,0
2746.76,upi,FR,133.219.198.246,0
7779.89,net_banking,DE,155.193.153.217,0
8040.29,wallet,FR,30.101.173.159,1
8976.03,wallet,US,52.102.221.90,0
6603.04,credit_card,AU,141.124.165.126,0
4724.05,wallet,IN,83.42.213.176,0
7383.15,debit_card,DE,3.155.130.130,0
6152.33,wallet,FR,131.55.252.131,0
4600.12,debit_card,GB,23.234.137.240,0
7003.55,debit_card,IN,216.113.244.134,1
4495.61,wallet,FR,3.58.237.239,1
1959.11,debit_card,US,186.12.75.103,0
2579.16,debit_card,DE,144.93.55.25,1
2602.3,wallet,DE,203.49.25.224,0
6537.89,net_banking,GB,19.77.216.28,0
3413.22,wallet,CN,217.244.19.166,0
5265.11,wallet,FR,36.225.14.64,0
8482.12,debit_card,US,186.232.141.101,1
8655.28,wallet,CN,179.120.71.20,0
7465.53,net_banking,GB,171.80.250.32,0
2463.06,credit_card,CN,172.215.249.121,0
7678.93,wallet,IN,2.5.34.143,0
4061.37,wallet,DE,204.37.118.5,0
192.96,wallet,US,93.155.31.242,0
6842.83,upi,FR,65.71.52.122,0
7040.1,upi,IN,11.200.199.207,0
8725.21,debit_card,GB,125.52.157.148,1
1665.94,upi,FR,164.57.198.0,0
2647.82,debit_card,CN,103.155.4.14,0
3449.26,upi,AU,158.131.52.237,0
3308.51,net_banking,AU,32.244.13.93,0
2338.31,upi,FR,185.107.202.142,0
2790.97,credit_card,GB,69.213.184.53,0
9115,debit_card,DE,111.77.67.214,0
8451.51,wallet,IN,122.202.21.109,0
2688.43,upi,US,124.226.210.50,0
9416.72,debit_card,GB,157.19.229.95,0
5979.78,net_banking,FR,31.57.100.218,0
513.93,upi,CN,75.9.209.240,0
5668.22,wallet,CN,6.2.0.127,0
313.28,upi,CN,53.70.167.173,0
22.85,upi,AU,56.145.179.130,0
6870.18,net_banking,GB,139.35.44.255,0
3860.13,debit_card,IN,195.231.140.170,0
6587.72,credit_card,FR,83.97.187.118,0
3381.19,debit_card,AU,49.73.219.195,0
2127.42,debit_card,CN,186.60.57.181,0
2009.08,upi,GB,86.86.188.51,0
5256.48,wallet,CN,175.151.58.120,0
1959.42,debit_card,GB,173.99.237.201,0
794.22,upi,FR,50.218.110.148,0
8476.23,debit_card,US,159.110.144.243,0
8241.36,credit_card,DE,74.24.205.55,0
6640.77,debit_card,US,115.187.170.5,0
7001.81,net_banking,CN,67.12.243.182,0
6156.48,upi,GB,56.63.61.118,0
7817.67,net_banking,FR,130.89.67.248,0
3674.96,upi,DE,32.207.218.75,0
750.26,net_banking,GB,24.0.94.205,0
5957.52,wallet,IN,100.173.19.7,0
40.59,net_banking,GB,28.206.204.153,0
717.72,credit_card,CN,3.14.173.54,0
5600.86,net_banking,CN,67.188.183.144,0
9374.09,net_banking,CN,91.20.51.48,0
8656.92,credit_card,GB,12.142.239.230,0
2601.86,upi,DE,165.86.19.51,0
1406.95,debit_card,US,26.212.197.125,0
917.71,wallet,AU,121.217.246.51,0
8595.67,upi,IN,79.60.182.87,0
5056.97,wallet,GB,16.146.44.249,0
5643.04,credit_card,IN,152.124.213.84,0
3147.11,debit_card,GB,44.253.52.250,0
1687.23,debit_card,DE,179.167.111.159,0
4549.9,net_banking,FR,2.30.215.62,0
4816.54,wallet,FR,174.128.239.65,0
5025.96,credit_card,IN,107.219.17.214,0
7049.87,wallet,AU,159.155.225.96,0
6230.96,net_banking,US,30.75.104.25,0
3181.64,debit_card,GB,120.78.145.130,0
1634.68,debit_card,CN,50.233.210.77,0
8153.68,upi,FR,168.174.233.81,0
6139.44,upi,IN,142.168.33.189,0
6098.91,wallet,IN,35.203.218.233,0
7897.92,net_banking,DE,211.53.80.247,0
8390.09,wallet,GB,85.32.108.193,0
6585.6,wallet,AU,213.71.220.27,0
8538.62,debit_card,AU,74.104.130.241,0
1768.8,debit_card,FR,200.158.164.93,0
1128.09,wallet,IN,73.171.123.207,0
5752.3,debit_card,DE,7.66.116.118,0
4428.19,debit_card,DE,55.161.189.170,0
6344.29,debit_card,US,33.5.216.48,0
5295.68,wallet,DE,112.40.241.23,1
217.79,wallet,AU,55.130.142.175,1
7177.26,net_banking,US,55.189.193.96,0
8338.24,net_banking,CN,58.52.45.239,0
5304.04,net_banking,AU,98.4.190.4,0
2759.34,credit_card,US,163.103.161.32,1
1884.47,wallet,FR,173.123.231.187,0
3165.15,upi,CN,135.35.163.223,0
4054.58,debit_card,DE,38.37.230.4,1
7648.08,credit_card,IN,150.228.48.159,0
4749.07,debit_card,FR,122.25.32.89,0
3646.7,upi,US,28.163.126.227,0
3833.63,net_banking,FR,38.59.216.99,0
4695.21,upi,IN,48.154.190.231,0
3441.35,wallet,DE,169.249.111.66,0
5761.54,net_banking,GB,37.45.147.83,0
8455.82,upi,CN,55.236.185.161,0
4434.86,credit_card,FR,122.208.136.72,0
3834.48,credit_card,FR,166.159.214.185,0
4394.75,wallet,US,194.204.132.250,0
94.1,wallet,DE,111.91.16.242,0
8544.37,upi,IN,199.218.147.248,0
3622.65,wallet,CN,143.161.111.10,1
7721.24,upi,CN,187.178.200.75,0
